desktopusdeBlo40,desktopusdeBlo90,desktopusdeBus82,desktopusdeGam94,desktopusdeGen08,desktopusdeGen19,desktopusdeGen25,desktopusdeGen31,desktopusdeGen34,desktopusdeGen36,desktopusdeGen39,desktopusdeGen47,desktopusdeGen53,desktopusdeGen58,desktopusdeGen60,desktopusdeGen64,desktopusdeGen66,desktopusdeGen70,desktopusdeGen71,desktopusdeGen75,desktopusdeGen76,desktopusdeGen83,desktopusdeGen88,desktopusdeGen89,desktopusdeGen92,desktopusdeLif38,desktopusdeLif59,desktopusdeLif69,desktopusdePho03,desktopusdePho16,desktopusdePho21,desktopusdePho33,desktopusdePho54,desktopusdePho63,desktopusdeReu01,desktopusdeReu45,desktopusdeTra15,desktopusdeVid93,desktopusenBlo40,desktopusenBlo56,desktopusenBlo90,desktopusenBus62,desktopusenBus68,desktopusenBus82,desktopusenBus91,desktopusenGam13,desktopusenGam32,desktopusenGam44,desktopusenGam94,desktopusenGen06,desktopusenGen08,desktopusenGen19,desktopusenGen20,desktopusenGen25,desktopusenGen28,desktopusenGen31,desktopusenGen34,desktopusenGen36,desktopusenGen37,desktopusenGen39,desktopusenGen41,desktopusenGen42,desktopusenGen47,desktopusenGen49,desktopusenGen52,desktopusenGen53,desktopusenGen57,desktopusenGen58,desktopusenGen60,desktopusenGen64,desktopusenGen65,desktopusenGen66,desktopusenGen70,desktopusenGen71,desktopusenGen75,desktopusenGen76,desktopusenGen78,desktopusenGen83,desktopusenGen85,desktopusenGen88,desktopusenGen89,desktopusenGen92,desktopusenLif04,desktopusenLif07,desktopusenLif09,desktopusenLif10,desktopusenLif11,desktopusenLif12,desktopusenLif17,desktopusenLif18,desktopusenLif22,desktopusenLif27,desktopusenLif29,desktopusenLif30,desktopusenLif35,desktopusenLif38,desktopusenLif43,desktopusenLif46,desktopusenLif48,desktopusenLif55,desktopusenLif59,desktopusenLif61,desktopusenLif69,desktopusenLif72,desktopusenLif79,desktopusenLif81,desktopusenPho02,desktopusenPho03,desktopusenPho16,desktopusenPho21,desktopusenPho23,desktopusenPho24,desktopusenPho33,desktopusenPho50,desktopusenPho51,desktopusenPho54,desktopusenPho63,desktopusenPho67,desktopusenPho80,desktopusenPho87,desktopusenReu01,desktopusenReu05,desktopusenReu14,desktopusenReu45,desktopusenTra15,desktopusenTra74,desktopusenTra86,desktopusenVid26,desktopusenVid73,desktopusenVid84,desktopusenVid93,desktopusesBlo40,desktopusesBlo56,desktopusesBus82,desktopusesGam32,desktopusesGam94,desktopusesGen08,desktopusesGen19,desktopusesGen20,desktopusesGen25,desktopusesGen31,desktopusesGen34,desktopusesGen36,desktopusesGen39,desktopusesGen47,desktopusesGen53,desktopusesGen58,desktopusesGen60,desktopusesGen64,desktopusesGen66,desktopusesGen70,desktopusesGen71,desktopusesGen75,desktopusesGen76,desktopusesGen83,desktopusesGen88,desktopusesGen89,desktopusesLif30,desktopusesLif38,desktopusesLif69,desktopusesPho03,desktopusesPho16,desktopusesPho21,desktopusesPho24,desktopusesPho51,desktopusesReu01,desktopusesReu45,desktopusesTra15,desktopusesVid93,desktopuszhBlo40,desktopuszhBlo56,desktopuszhBlo90,desktopuszhGam94,desktopuszhGen19,desktopuszhGen20,desktopuszhGen25,desktopuszhGen31,desktopuszhGen34,desktopuszhGen36,desktopuszhGen39,desktopuszhGen47,desktopuszhGen53,desktopuszhGen58,desktopuszhGen60,desktopuszhGen64,desktopuszhGen66,desktopuszhGen75,desktopuszhGen76,desktopuszhGen83,desktopuszhGen89,desktopuszhLif30,desktopuszhLif38,desktopuszhLif55,desktopuszhLif69,desktopuszhPho03,desktopuszhPho21,desktopuszhPho33,desktopuszhVid93
8.403534363,3.240101136,5.656019413,15.24975933,71.18540033,1879.276461,34.0532044,124.7062091,1126.596746,15.12186938,508.5000059,91.02125969,710.6498473,24.71935644,241.1312245,192.1788839,686.6003845,11.09581934,3.375353348,212.3637733,524.9280052,69.42931287,110.6831445,1470.225805,5.680439637,36.55327232,7.637749169,130.8493316,11.9477298,22.26350758,134.6637083,26.98989266,30.594247,13.24494816,28.73429236,19.63312274,97.3788204,1633.321228,154.3252192,48.92349019,93.72727014,18.69717049,24.94481532,63.8662854,5.854196066,4.335555241,189.1852584,22.95525128,385.9455599,177.7616243,301.545453,15927.43269,815.628891,289.4322621,16.47773973,691.3623482,4551.156038,618.029362,17.2604528,1985.7984,102.8009503,166.065975,1086.48265,324.0871085,30.13746831,1637.484597,42.95736786,844.5810558,2221.114181,398.8164073,10.77887113,2966.955257,202.212997,130.0665313,1171.480431,4545.551991,62.16950811,403.8967507,808.1886668,1173.011276,4090.474739,466.3181671,235.0337644,42.39629106,37.11593844,23.86806814,30.34504182,27.01972176,46.35394347,10.37791282,74.64792658,115.0684211,276.1895554,233.857134,30.57308698,337.4373341,56.55848191,3.690346121,27.18304135,178.1897929,27.8874765,34.60271869,732.9035866,1523.805409,41.24746054,19.01357743,41.52900525,80.05665078,257.0599099,621.3718861,42.76879982,24.3319509,301.9786993,214.5824877,96.6006148,57.77701276,125.8478168,64.7339895,6.187513769,49.4356195,560.684185,294.8683015,86.11940599,83.36094485,232.3944747,8.316989827,186.8966489,232.8097749,28.27621757,685.7599684,16136.23289,17.93025602,7.570939491,19.37619935,134.4857463,10.13442903,105.8137759,3650.67232,238.7040503,34.52148398,212.5212969,1365.892515,63.75635041,629.0782343,146.9747321,333.507358,16.86697165,140.6726354,358.7074619,643.1768704,14.38984976,35.1130065,280.3066607,1166.018981,32.4466382,56.4381213,2924.719842,15.57203826,24.58366768,74.48750838,5.355635085,29.52984395,175.5535939,52.82651563,5.091350715,14.82666734,8.177788066,60.76567109,2884.791016,4.270418327,6.372883952,17.7319852,18.28867704,938.4519888,17.56302374,28.19390775,69.8195731,456.9445259,64.88802221,10.16771663,27.31937938,124.474183,71.25443704,140.3017509,125.4283813,163.9541786,224.5553727,367.7640611,19.19667331,234.7070473,4.789855971,6.175146386,4.733782291,32.94320681,4.43767648,85.03607086,15.8848885,1337.954746
5.117033118,3.536595998,4.823847081,16.49711032,61.63778519,1690.801359,27.31144756,104.5810799,932.0721932,17.13809198,353.4244505,86.07188583,598.2756729,21.85971542,193.1810711,-26.63058555,501.8241994,9.173902281,3.502456089,200.3343735,450.9344621,56.6823571,84.73026277,1031.733696,-2.014425144,32.0377321,6.184418154,118.1337475,11.21342153,20.52937499,124.4355109,23.885258,22.54174067,4.525821046,29.5158803,16.98970555,76.82753351,1444.052057,140.978626,43.81781669,85.42049525,13.39914084,23.22065062,57.15824592,5.85634629,3.37094472,177.097492,18.154709,343.7951251,129.7359134,280.0389878,15489.79961,730.7899122,247.9085664,13.84126248,572.1760449,3947.09357,572.7322017,17.01694512,1447.150415,92.57803543,133.3098444,982.9345434,303.6366477,26.57894931,1473.336873,31.75825378,752.6492808,1534.696381,-1326.123883,13.70370154,2437.035314,175.3436991,119.1214723,1083.105245,4280.663619,55.07053937,357.6677214,528.2392242,1175.732775,3346.985787,415.9956049,207.7117359,33.12801296,21.43232315,26.29405468,27.27961169,22.30078663,35.80960389,9.879847904,54.69703797,113.1150674,243.8579108,236.2971555,25.32444869,294.6031478,43.82183177,3.58452928,22.55650536,152.9944165,20.49252129,30.64412319,621.263324,1402.819569,38.43165886,18.19851463,8.687230799,71.98830732,247.648086,551.55501,37.89472033,20.90496708,289.2553577,181.9477985,77.51617635,50.9394462,111.1654387,57.65691964,4.70180592,49.84236136,521.8456832,270.8621531,76.51178155,83.90314304,222.7747592,7.122869491,142.5259781,208.0048559,26.91834675,461.0834748,13055.57874,18.82534353,3.776563218,15.42913378,121.1293028,12.27664039,97.14385969,3298.532501,236.8325827,25.29860124,180.2512435,1128.813677,57.09035444,514.1681703,140.8254605,276.1892278,10.91358606,112.3462005,271.5443477,492.7379211,12.33130834,34.65812751,248.588404,1008.01119,24.93488415,48.98110374,2027.484561,13.39184248,24.23305414,71.7260061,3.381364933,26.63069415,152.8701667,46.8496454,4.027617168,9.842482769,8.983768547,60.1948089,2612.439021,4.523835931,9.429151018,17.84114793,20.96083675,876.9759588,16.04138281,20.63367079,63.98414284,371.4326391,46.52729736,6.314646728,23.83818283,101.0702981,55.38690814,121.1804722,123.5153851,130.893344,214.9315304,375.7799665,16.01555539,171.9905261,4.290111602,5.957841494,2.073889948,37.31986246,3.751063379,77.40901653,12.72049737,1286.194815
4.548733386,2.858295881,3.329517283,12.34926572,59.78360479,1458.518756,22.96960549,94.8912257,801.9382747,14.03396548,192.336245,61.75480114,563.9339627,17.00954009,148.7335643,-233.8952349,330.5591838,6.142687676,2.4525413,174.9757335,378.5906417,49.24102045,60.18803674,892.3741432,-9.526207494,28.32387673,6.179551448,103.7869731,11.62349919,17.90234424,110.3183831,18.04050506,18.25126327,2.804082506,20.78461277,14.36373007,71.10227868,1331.680435,122.809621,40.52518546,79.34660385,11.69525649,21.29493292,46.36844781,5.90593437,3.541444173,173.668538,19.2709022,307.6178121,72.12690714,275.7919209,15553.10112,674.732101,225.8542309,16.20179375,502.1004369,3609.110404,526.3245025,13.12697228,913.4636155,84.31206105,111.8665918,887.6870843,304.6801888,23.33430381,1345.235477,24.51434142,654.4247009,966.4040922,-3025.980287,11.62014164,1789.669434,147.7323757,107.9880159,1002.318897,3192.990405,46.40775368,326.9974979,308.1161609,1007.195523,2844.375549,368.2882758,187.8907201,23.46773739,14.62328389,21.62841204,25.51817185,21.53887718,28.85188231,9.126895631,27.44850181,114.0752504,218.1052958,206.2741605,23.98923487,282.4369717,39.98265702,3.040813965,21.0455392,141.0669349,22.43660788,28.71777461,567.3752366,1325.720348,34.47461314,13.89882817,-19.0474629,77.07140879,226.4140612,498.8568885,35.75417059,19.94436591,269.4854612,173.6940534,68.14955273,46.86449445,102.8397229,57.14519119,5.290086707,41.7857071,450.8805962,257.1543337,66.14275634,79.85199138,207.5689276,7.079006879,122.8389491,190.4318401,20.83897018,227.8861898,10333.56841,13.29022346,3.10399533,12.22793592,116.8443484,11.1040611,83.47964851,2782.110902,213.4008509,22.1992592,145.62498,918.4697629,47.93609533,363.7405184,114.7460137,248.0086178,3.941758023,85.52308276,205.9658635,344.2607073,10.4511686,34.58335118,214.5942676,763.5748418,18.40294428,41.91700171,1310.989406,12.4926815,20.70631696,59.95671502,3.54796352,24.2627718,124.7629782,30.7995423,1.900596652,9.834811824,6.508742233,52.5435501,4240.338919,3.782737455,7.843848127,16.8049598,18.44957668,776.302464,13.59582283,15.35855072,52.37411927,334.266882,45.36571843,4.60350009,22.31769015,75.93183,53.75957065,102.0188725,96.40829989,96.21061681,198.0434862,353.4986712,13.16233481,141.9572243,3.188420884,4.926553085,0.580978054,29.75896764,5.272705777,74.01585938,12.01060441,1222.490577
8.373288125,3.930313871,6.989028391,20.12987454,82.59970631,2493.126973,32.02228344,144.7556751,1092.654577,19.97873444,733.3713976,108.4455704,807.0827029,26.9095067,284.6940977,892.7608518,922.0883909,12.77262395,5.459526473,245.6311279,599.4784167,71.06428484,126.9274629,1119.611335,24.21529685,50.45461464,10.64440351,150.632071,15.25370114,26.4468916,155.0726381,32.55178693,34.80273832,9.703336349,34.15008785,31.28171624,97.78022745,1846.322514,174.5880867,51.48952373,106.3580824,18.54496723,29.4094287,67.69768339,7.176368033,6.386840216,240.709241,23.4816913,385.5451783,337.1458166,345.720148,17040.28154,811.0388278,304.4805229,19.85896661,763.6784865,4562.74306,671.8100884,18.85549133,2978.001763,106.1742652,217.3554727,1104.458921,364.761055,38.23700439,1615.681036,43.02627938,830.5467013,3360.858959,6543.58734,15.45919564,3926.785696,226.6670092,135.9810869,1277.56683,4170.287414,72.18533231,430.2402102,1609.349717,1225.976591,3333.689017,502.9823563,254.39377,46.86965836,72.1598654,32.46052755,29.34248579,26.56309112,46.53435969,12.38615566,140.9634071,134.8769468,287.5191943,241.5763888,33.25671575,316.9011697,109.3271071,6.977480687,31.19962002,218.9874176,34.59006894,37.78368414,728.6133258,1699.539176,42.18541204,26.50604861,149.5674012,88.41376944,280.0915401,598.6007638,48.54111266,26.29077511,322.2733123,193.980415,107.3735926,68.47405887,139.271332,76.70455407,8.172709102,66.82126965,571.472013,322.6959327,84.69652096,101.4857746,250.2054935,12.08470473,198.479573,282.7695345,32.48392856,1496.117543,24850.34415,20.85541064,5.188199526,19.22191652,148.0773946,15.88573967,118.4854067,3709.75042,225.6605438,35.53003402,239.0199962,1340.28363,70.92708658,592.5835118,156.411603,353.6659258,36.75943921,166.1356915,340.9656426,733.3237652,15.06496212,45.50936232,281.4924955,1181.32724,26.7084782,59.59163625,1511.80068,17.89495769,25.95448328,75.66213005,5.154700671,30.03254244,180.8539561,57.39024859,6.354716241,13.43434817,9.985099268,71.89913052,3430.937412,7.456252974,9.973829268,28.75002,18.60283962,986.8027212,17.63763245,44.24548805,67.12758511,423.2234912,84.33019904,13.60152185,35.80226257,139.2790522,66.11714483,147.9422288,128.3374498,241.276285,232.412592,409.8996308,18.65187839,184.356969,5.808524247,8.873130616,6.357200374,36.4948806,9.100937195,95.180764,19.16519464,1390.760169
6.705433484,3.677148056,7.685003293,22.64198372,78.84741931,2563.022838,37.01117565,151.8979904,1229.489119,20.19930532,785.0225225,111.1791328,802.9214168,26.09021807,319.9976788,748.5155821,936.4743255,12.19785765,4.664612099,264.0198784,635.5151931,75.51313288,138.8465384,1199.797383,18.49278195,46.48642627,10.9796932,147.8640129,16.42910052,23.40181027,165.5724401,44.99925555,116.2051713,9.198529698,41.46064545,28.42554163,104.5740817,1913.605429,174.6765759,53.23295122,104.9395967,18.03390405,28.06614806,69.0617118,7.528786177,5.564475304,217.1717465,22.77000468,425.0980489,324.0539106,329.9446843,17892.5466,858.5748738,340.1376902,16.98135881,791.9810148,4869.070145,709.3518312,22.96904896,2925.754041,109.655924,222.1806563,1252.441089,368.1983769,37.4293222,1722.459172,48.99346236,885.8845837,3216.530371,5175.969837,16.2889279,4008.051576,236.8566742,140.962441,1316.122062,4351.200711,79.39201385,461.4235,1473.950058,1388.834802,3722.013844,548.2094344,285.1097053,50.48513519,60.53429208,33.65370635,27.53131241,30.48809666,50.06795689,13.19016659,127.5263236,154.9494909,295.313463,269.4848483,40.70899487,346.321228,107.9327887,6.656014453,32.29695539,214.7331645,32.10846187,42.54184986,777.7035678,1731.045038,42.21313803,29.33363424,129.5766992,93.34068469,301.3861943,632.5889697,49.95682691,25.59557311,372.722548,195.8117538,109.996285,78.94450853,144.7107509,80.69199747,8.397175757,71.8369728,599.9141774,348.5221447,88.5404231,102.6137034,262.6282062,10.49085473,213.7965055,276.5294452,34.80335914,1294.907089,23180.40269,22.40004474,7.107589568,19.67422993,138.5910871,16.22557302,127.0773182,4160.468187,237.1293215,43.15004058,247.4383686,1512.819737,74.66940261,758.16363,173.4371995,378.1604514,34.27049596,176.4623128,379.2679678,810.4284324,17.17413197,44.58808053,306.7818531,1305.503491,32.19080916,73.70879855,1850.328072,14.34841846,36.38670971,87.49150918,5.761302816,32.14237369,211.5501756,59.22220339,5.718762586,15.43564105,10.84844842,74.22410508,3520.046501,6.758060412,9.1706257,27.47768785,22.10003741,1042.970544,24.23706743,30.34568621,75.138019,446.6972916,85.34205807,12.86275793,34.97377923,158.9568046,74.96954807,150.8823452,139.3053641,236.4809661,235.9286694,463.3775462,22.16446379,185.985764,5.827375333,9.268681306,6.212234837,35.85223509,7.938632442,113.8907397,21.82220276,1445.57564
8.081768164,4.502710701,7.29909963,21.93277959,78.49479144,2489.222627,38.32435327,143.0152764,1205.461662,21.01365215,715.8112858,109.228601,740.8253792,27.70451667,302.6980796,575.6566311,949.0134719,11.05356245,4.81871919,245.6261083,630.6455509,73.40399506,141.3655915,1357.650667,14.73343,45.86938154,8.029676663,138.0631533,16.6842134,24.7520721,158.3638386,34.43594349,56.98742648,10.73654526,38.65823661,26.10173371,98.75560522,1830.678296,179.0428671,52.79433826,103.7611278,12.8796311,30.68583288,75.25830435,6.975356592,4.528070763,215.5771813,22.19919512,429.9570469,267.7037029,329.797115,17959.68676,868.6569331,348.5829937,18.08906122,795.0252872,4805.052593,695.8762185,20.93982822,2712.309354,117.7982918,210.1849454,1307.423642,365.010707,35.67855186,1701.382926,45.42759961,868.6566429,2854.43228,3604.371921,17.07231264,3803.140914,235.8998976,144.2346827,1336.201103,4307.569734,81.24913081,458.1130812,1258.650258,1407.885849,4177.187092,582.2826179,264.4590202,48.35256392,51.34220546,25.12418399,28.84048292,30.20481898,49.37922879,12.02974657,98.6377642,152.6935174,304.5436028,265.5382357,38.16623449,385.5609874,115.0556621,4.851407568,31.66906284,228.1781956,34.35404423,37.53239353,786.861988,1673.476632,48.19198481,24.83095962,96.72718024,99.04940343,277.3798997,627.0300656,47.69669606,25.56670874,365.0689246,203.098143,90.49346349,69.4546448,151.3741978,77.57914395,6.703221308,66.96576622,587.8025843,330.0081463,91.74041486,100.6996953,255.0354899,9.316479482,194.8239689,274.2088248,35.08265279,1120.389927,21336.33658,20.49318428,6.684079075,18.18005968,133.5121821,14.98259396,123.9131221,4224.102359,254.0771962,47.96518306,239.1815465,1539.388898,79.30760635,782.5885556,155.7331876,373.8692318,25.90550825,172.2341533,382.516068,810.4128349,16.13102381,42.81389468,314.8320904,1345.630262,32.39653833,93.61684549,2361.125964,16.35769953,28.82221357,89.96438852,5.593651167,33.69996088,201.960097,58.54776155,5.901700667,13.72522158,9.774864083,70.75675665,3268.535787,5.243465081,8.223847065,22.2050904,27.48966843,1403.939135,18.47024223,29.65304622,75.8734725,482.3223054,77.64649175,13.52753638,31.22389191,149.3190021,78.19527249,144.1209221,132.5172487,224.0113362,279.0893802,478.0457077,26.80989288,212.9515678,4.530540425,8.117299809,5.113536457,39.25954701,5.996024202,108.6725223,19.38970304,1484.165728
6.456108191,3.879264902,6.961910314,16.74909842,69.02993781,2368.579243,33.90584028,146.5974044,1173.843612,19.5692124,623.2176921,96.77951162,686.9549958,30.51381284,258.4232264,392.2983291,870.4346516,11.83467485,4.358303686,236.7021293,597.5772552,70.77302799,126.4438991,1232.797051,11.45176344,38.47692763,5.960019528,130.0925523,16.12001857,23.38380081,146.5709401,32.6767717,59.47960212,10.9503356,32.48613454,23.12838718,88.0417124,1715.510278,166.2201603,51.43568217,103.7297664,15.72445975,26.80859434,72.54421653,7.859411222,3.711436254,203.9771987,31.62059897,391.6805886,228.7245321,318.1272762,17543.85475,832.660773,339.72644,22.37401513,717.9873502,4697.564616,684.5574534,20.67595851,2333.808932,109.8362915,186.3465035,1244.473695,352.6634089,35.28795796,1637.001418,42.65369352,865.4595906,2398.927827,2009.149012,20.71514757,3773.811953,228.6395262,138.5795312,1262.909038,4303.957207,72.23632233,449.6678559,1040.870981,1385.655796,3809.604328,668.3464468,237.5832175,54.43891344,52.81680003,33.1192717,35.20520344,33.15966727,48.88872505,16.41931112,86.78101613,146.0497774,284.6168235,252.6333559,30.00431046,346.5524676,114.5539067,4.20347591,34.45004071,177.5427006,29.95907831,34.48215303,760.2131592,1590.661118,44.37220712,27.1422776,78.84826934,88.47960311,272.2441586,607.8540902,50.48295612,32.03266573,322.089242,195.4164397,85.52022559,69.53718993,139.0514521,72.46151383,11.18642516,62.19050054,562.5749624,302.0083467,97.56219428,106.5154077,252.0691007,10.12269448,200.3569731,258.4164405,33.42876074,910.6054121,18269.69752,19.57058449,5.300563867,23.93663597,128.7495564,13.41400404,114.2921744,3959.094404,249.3063748,41.54165515,230.7342405,1430.236992,70.05125999,720.4292933,150.2832752,349.4712074,24.89535778,153.4793751,337.7234525,732.5068124,14.20448896,39.7126222,299.3038995,1254.179032,28.44647664,76.27169785,2220.362133,16.63037452,30.44012817,80.24023353,4.467149299,31.21207829,190.0987478,57.17551543,4.345954066,11.51996721,10.12943023,76.62522564,3036.644756,5.69236004,9.091233285,21.72168865,21.32446002,1113.86082,18.00952502,22.25979052,72.26940044,459.7979218,77.2551538,9.838488303,30.9456155,142.0070545,72.41719447,132.367422,146.4524445,221.1307415,247.1952206,468.1304373,21.23223834,195.9752968,5.186218359,7.141996636,4.321322761,36.78605557,6.219538158,100.1708515,16.42346363,1389.699459
5.880442213,3.880032543,7.909616265,16.53810542,63.84573128,1918.486226,31.03824987,125.8638527,1062.327102,17.33162459,488.3461605,106.3171115,611.4714697,27.73195539,219.6335245,193.6446045,971.2044255,9.150504916,4.004348652,217.3041691,539.9800318,59.77471779,119.3607849,978.4654693,6.366713009,31.50353809,4.173581245,126.8245123,14.03375953,22.64361834,132.3299382,27.53520284,42.77432194,4.626818935,29.12980674,18.8287099,84.72228822,1584.570445,167.6548517,50.97260293,112.3997894,13.19680207,26.83713149,70.67266879,4.881895542,3.84998711,196.5627504,22.12366693,358.6067548,176.6911822,292.6334749,17728.29901,772.5415061,307.0517651,17.14969161,653.1466042,4288.17065,646.4745581,16.87849115,1856.819455,99.60115828,166.0818457,1180.506492,341.6764868,35.20925928,1656.873074,36.00355906,787.7059968,1885.039276,331.5713726,16.8540247,3869.855748,197.8128845,132.1713341,1191.820477,3832.876097,61.02633334,406.0894333,811.2063711,1292.109658,3370.28203,550.679664,260.8209894,36.51088232,35.21951261,31.00005065,29.13304672,27.69942286,34.20295019,11.84555921,66.52825797,140.6750305,265.7377208,235.36894,32.18323058,344.4344791,92.57194717,3.753622668,31.62823765,146.8174316,26.83965354,32.84579886,684.6277207,1442.783071,45.80094909,20.04022728,44.65860598,89.47704571,260.9353421,585.825844,46.00385381,24.47576258,305.5059872,187.1457046,82.21900952,65.3531438,125.3729164,69.86119918,8.099861865,58.0945657,527.1583934,290.1986003,75.94485906,90.48685493,240.0036568,9.555515256,174.4253534,239.4347962,26.79155077,681.8331689,15467.8145,16.34446712,5.422764336,16.90461371,114.5554377,14.5586236,99.19144604,3714.879786,214.2408241,37.04698155,207.3843955,1276.154948,63.68154548,618.1701639,134.0445896,322.5947043,20.43088168,131.0004868,295.6917211,664.2517217,13.46647542,39.53351628,281.5816648,1096.348554,28.71117549,70.1359617,1475.623306,14.38874984,24.5304715,77.37826742,5.010173804,27.83443108,168.6516551,49.98411136,4.536835521,10.99404317,8.120167663,73.19922995,3537.513978,5.974896787,11.22719086,22.03248908,21.52840191,1070.075694,19.07728371,19.45046145,69.19406297,432.9477075,69.85480997,7.864583917,29.11244592,126.7342982,67.70609068,121.7881907,139.4784456,244.9352225,240.1137661,417.2460594,23.58000395,157.8635642,3.482461,7.882766127,3.482381707,33.65475909,7.988657991,87.99295064,15.71269825,1340.580643
2.677344326,2.950671965,4.447647774,13.7557594,60.7990967,1679.71259,25.67365039,122.632529,921.7395633,16.50475856,369.8074551,134.7306227,572.9457356,24.69473042,183.6682293,-11.36959104,664.380949,8.739898367,3.266927525,195.2785574,447.6703953,57.82415427,85.11938921,922.4802507,-3.388651342,25.56129751,3.950925519,126.3352664,13.14408469,18.72582018,122.7405183,23.21187707,32.51670381,3.402197331,21.72183272,19.48673089,83.19417834,1536.656436,132.0778626,39.41741541,95.12906582,10.05370172,20.16261116,50.91853861,4.101080436,2.560528955,182.1231099,21.2622899,312.9057335,120.7753303,282.5375521,16206.15583,715.3971295,259.9898673,21.49222198,573.7424509,4100.48723,593.0605042,14.17258144,1361.048819,93.24491585,142.5164338,1009.27201,310.981302,30.54007656,1483.662035,32.18116322,705.9967678,1428.693316,-1370.444102,18.44605796,2845.861659,178.8800563,111.7344509,1084.941241,3515.150918,43.10873464,383.0530606,547.6043892,1067.001769,2956.181691,437.8102973,216.8278734,32.79037326,26.34656956,21.95739556,23.07581799,26.61468931,31.14236027,9.884027857,35.51156416,123.3436056,232.9224032,206.1047085,24.60402711,266.940147,83.45489216,3.704797775,24.88771485,139.1307923,22.70380583,30.34548401,612.5994291,1374.841825,35.25533396,16.8654343,11.89210405,87.34130992,246.2009899,521.334473,38.48185727,23.58856613,273.8927587,173.2784352,74.43706772,59.38608831,113.3631824,60.43622434,6.698797622,54.05034519,456.7582079,276.7465009,72.49494485,82.88902737,214.7322552,6.681366563,146.610584,213.7120309,33.52041365,410.5387604,12527.58785,13.42038402,3.351360964,12.17080503,106.632953,13.35831185,88.18222113,3330.272559,190.0703286,37.55308348,183.835048,1088.026072,63.39823089,500.6253132,118.953738,280.7971382,10.4286238,101.9149443,268.0656698,558.3669453,10.31643034,34.73929151,249.3369679,942.3103353,18.84607231,54.53328305,1145.495552,13.7354786,22.23666584,65.87521058,4.013816176,23.39574136,135.0814941,38.03153593,2.917041853,10.88745883,6.839187321,61.43548528,3343.329798,3.738190702,7.895464263,19.17976338,18.17726097,906.6507275,13.39994947,24.42249061,64.53387021,376.2049805,65.39047857,7.430128656,26.71100857,111.3260326,56.36741345,107.6538419,113.6482892,200.5754588,209.6318562,381.7449601,22.75633043,185.7191141,3.970441539,6.340306541,3.536595295,32.19091301,6.61512405,77.15853345,14.6379347,1267.134179
1.536461347,2.218329704,2.997590106,10.56706101,54.57400769,1508.732063,22.82440802,107.7823819,806.9688894,14.19884484,232.6050716,93.01237822,525.2449685,17.31904826,157.2908495,-204.7032808,446.4453241,7.167603537,1.987394935,192.6606206,389.0996618,53.6566294,53.95463883,829.0591295,-9.649647966,25.03379268,4.65805664,108.7172961,11.00071492,15.2861745,112.3590835,22.80946577,48.68112436,1.754783847,22.32257239,18.88831352,81.66433617,1446.846968,130.545928,36.07910686,73.80753718,8.545753048,15.06932352,43.69889694,3.9136782,4.113012585,180.5822479,15.07187814,275.1286194,73.6708807,269.2954918,15339.32105,666.0014598,238.4214108,17.6940619,512.8627396,3856.540437,531.446344,15.65197444,900.3193946,79.86268948,115.0688644,983.6569858,288.0485334,24.01260659,1373.73929,29.19831777,643.3508249,978.2677493,-3020.338161,9.72108109,2363.34182,145.3997445,98.63985563,955.7703703,3112.733685,40.17968322,344.9999984,271.1472825,932.09766,2686.306777,380.2158566,181.4142843,26.97625945,8.702710336,20.154419,21.82483522,25.63453588,30.6610578,7.725434314,15.21021457,114.4771244,199.2553885,208.5313914,26.29095899,248.5505332,66.99265332,2.506212645,22.33452139,114.199314,18.42168991,26.57030874,558.8272681,1297.749123,26.31506227,14.23746314,-24.00036788,70.0074042,241.9966313,470.4809443,38.85820167,22.10388306,276.8261915,159.9845227,61.32564855,50.81074086,97.15331885,54.23703556,6.085986225,46.22678629,430.6563698,252.9560001,64.22122525,76.14287782,209.0040205,6.977927465,134.6859119,210.9210651,24.91656291,190.327483,9875.626124,9.723889661,2.080711275,11.47623281,101.4769424,10.5296045,84.42337433,3049.59249,177.1417643,27.20084012,146.9275472,976.0466903,61.80678272,430.180337,117.4310641,254.8614018,5.834019626,94.47079625,234.986915,427.0718571,9.318848314,25.24315319,225.8001121,820.6973538,16.04374873,47.5301525,924.7785619,10.06780331,21.1260076,59.61722014,2.483556958,22.82638814,123.4344915,35.75110686,1.590458433,11.00128066,6.24747647,53.11235376,2328.908461,2.545805866,5.976517795,12.76343216,12.93689561,838.892895,14.94958568,19.10768112,60.10499593,331.3149613,49.57188869,5.240470375,21.17156143,93.52304164,51.25692836,93.91971171,90.66839498,148.0609411,196.7800157,370.6452713,18.24909796,140.5835903,4.314767929,5.020277047,2.173493063,29.91625831,5.566457163,76.21624575,11.933357,1171.128383
8.032752363,3.88348101,6.996086163,19.57527094,80.8381898,2236.738334,33.88549193,133.2779329,1096.654421,19.94615292,717.9947057,119.5617515,712.7703005,27.56036699,289.76583,886.6695385,958.5034421,10.59638003,4.868498805,228.7402871,595.0940841,68.50053484,125.5330829,1042.856289,23.39170176,45.89765596,8.591195548,150.0213373,17.51220868,26.50779391,142.2818202,37.09160792,68.09381163,9.324436703,34.78998029,31.31188305,106.9497744,1774.892337,172.953388,51.60525976,97.95237654,12.90553261,27.69203076,69.35190931,9.3095855,5.553152787,226.8069972,24.37396912,357.104968,336.2577686,325.3992418,18549.08785,797.0639792,323.5770938,25.53161945,773.7417425,4656.46651,671.2557442,21.59782896,2997.817265,102.4985653,218.3525032,1207.763696,348.7133096,39.37730483,1619.894548,44.15443297,801.2305165,3286.702397,6580.303488,17.12523836,4137.043692,238.8228964,137.608268,1268.528486,4217.725299,71.10913207,443.5847086,1652.622414,1184.388061,3368.926453,500.0443743,243.7682799,50.13608717,61.58149491,25.74977613,31.98074148,31.17569884,44.6580059,11.71152177,139.5212711,153.3704994,281.1066729,252.6008673,38.6210226,326.9519442,123.665261,5.332077686,30.86943873,207.8692129,37.30437686,34.33334645,742.5871927,1611.759393,40.9583988,29.89608183,152.7996129,94.32519212,280.7418974,599.1841543,49.0815292,32.76034756,352.1818449,184.046771,109.8434274,70.25279179,124.633001,79.66466821,8.059054145,64.91590775,554.6755238,335.3022561,87.10471292,104.8573323,258.8842352,9.507722571,202.888045,287.1304578,36.86932563,1424.74079,24796.25565,19.49045968,5.049094919,15.40340426,129.3605989,16.16953325,120.2145569,3838.342045,212.6857839,43.74558593,229.4134925,1381.383952,78.41219491,648.0548984,158.3134721,349.9888523,37.24755319,167.1836273,339.4692174,790.9402209,14.01352266,34.50537664,281.3422404,1200.255199,24.25896445,72.90555684,1414.577064,15.8359432,26.83531729,85.37288746,7.211580184,33.22580283,191.4816897,54.31378998,6.349998747,15.86712386,9.883641044,72.0268353,2986.92552,5.186742403,9.523015845,27.08020773,23.76804907,1150.233094,21.37993006,24.76993327,75.21532122,434.4508393,83.33281596,12.36885008,30.75301443,143.360637,68.19414928,143.9745354,136.3911853,348.7423798,246.3794112,452.4560876,27.92789536,183.8685741,5.709984799,8.957864394,6.054621704,39.69248712,6.696390603,100.2962972,23.87321666,1426.87314
7.601376814,5.984339675,8.402628791,18.63585921,81.15761209,2204.045044,35.13342905,150.0918825,1163.624413,22.27835717,735.9945612,114.8341055,731.2295478,32.14434695,283.6949958,745.9306598,964.7182104,11.59995173,4.853067546,233.5589089,668.4847905,72.35510856,125.8102565,1061.858313,20.21515399,42.05959357,7.702674042,140.8785165,22.72474153,26.61763728,149.2082224,33.86581087,46.14593203,9.954253227,32.33805823,29.71264514,111.2080518,1766.789258,184.0968457,53.93540493,134.4665279,13.93306892,33.75532204,85.17219597,9.306726558,4.477000461,246.5797309,29.27151352,389.5887515,307.3509665,335.9915933,18377.66941,842.6285453,360.7835692,27.25680133,791.9694974,4929.004291,709.7755805,24.16767951,2912.748888,119.2412556,208.3791777,1378.30078,377.9910381,36.50685878,1715.011324,45.77951917,849.5164492,3127.467883,5120.859304,18.67876728,4379.492996,231.1851134,143.5837662,1336.659006,4418.100638,67.50808251,466.83056,1494.100789,1302.563143,3583.82974,598.1784469,262.3288789,62.03551696,59.24530312,28.54914692,32.90338396,33.4719899,46.44458995,13.57756441,126.1758873,156.7391162,290.8887621,267.6774168,34.38444827,342.7959298,119.4815269,5.390317489,35.16534875,197.0977165,35.72114126,35.40690579,791.343178,1636.402396,44.99153144,28.6172576,126.8713351,93.41545227,299.1598572,628.6178175,52.81893444,30.78407397,343.9272998,200.6979755,96.88846938,73.80395699,145.0659535,80.62743223,9.922514315,81.83311529,590.5804809,341.8854406,90.8374685,104.6268327,282.740775,11.69759531,221.8437516,285.6527063,36.45827305,1296.885067,22993.04829,20.0615599,5.27103816,18.20081228,130.3727921,16.31943651,119.1988536,4064.094278,239.0180385,48.85300308,247.3322029,1440.152512,79.6122061,715.5171644,157.8552553,365.4643246,33.27015535,166.2386446,366.6411038,777.6615303,16.09605298,41.19565461,304.5623954,1262.261467,24.27408465,77.00317499,1473.324697,20.36279808,22.98043152,76.92643811,6.720328889,31.71367478,202.909824,53.74182978,7.66373565,17.62680279,9.750153663,81.39158482,3073.128591,6.730239024,8.121940843,25.89189762,25.75338482,1195.396118,20.14473654,27.09568868,80.31515325,444.3322408,82.18280373,11.86233329,38.28699441,155.1869928,72.73086576,147.4365601,146.2688925,338.0376803,250.5312149,468.8836499,24.40825081,182.4695718,6.041246574,9.627158964,7.338174198,37.94761955,6.385642769,107.0184142,19.04907729,1358.161041
6.356987476,4.965525666,8.938960777,17.12890813,69.90196131,2026.020979,41.56735634,143.9265127,1205.744547,20.23803393,690.9032113,138.6392165,680.4803006,32.71054209,259.8093946,561.1936136,989.7092635,12.67965217,4.743329831,222.5210206,647.0292875,79.81876901,132.3913608,989.8448311,16.84043545,42.16983314,6.309374389,147.8696879,17.38555288,25.4160932,152.1022155,32.32160782,46.47694698,8.112777418,28.7396672,24.33548945,106.4667754,1688.818872,175.8320712,52.75537426,185.7248463,18.07958976,25.67563361,71.59943363,8.036371798,4.678789553,230.6110086,29.5003553,383.5057217,268.0709887,342.6713243,18203.6805,805.6265511,349.6961375,27.19387495,763.5955516,5066.049354,710.9477302,19.83262858,2647.798339,103.9413796,203.8699426,1540.066613,349.4019119,35.96627664,1798.887235,46.77425143,853.5329303,2730.684083,3572.846515,21.83828226,4296.413494,230.0598024,139.7762973,1282.625223,4436.098293,62.102597,510.1788961,1936.327002,1288.619147,3501.354522,562.7341891,262.0162417,53.76459973,54.62362876,31.01507241,30.18936502,32.14134666,52.06744507,12.62326335,105.8009851,152.1786175,373.5675484,241.8297915,31.58118239,340.7265773,105.2903856,4.578936409,37.31904237,170.8067785,30.53823644,40.67989208,792.5273119,1591.695114,43.7820169,26.6569699,98.30239558,96.23893098,287.2262222,612.1478203,50.84974948,31.6548511,323.1429382,198.8404402,93.77915928,79.57250093,134.9698132,72.92997715,9.02876052,99.53589334,597.2484412,322.7639099,90.00137646,102.2677401,270.0091799,10.15129959,212.6802712,262.8644604,30.98640757,1073.124554,20948.63198,18.32696526,6.537204942,18.31673562,135.3883981,16.28696398,123.4452986,4234.94631,246.5151795,45.39203984,242.3777187,1519.578708,74.9691966,727.0543371,168.0872328,373.2308685,30.39689125,162.2810356,380.7765412,809.8914815,15.58154868,44.77549356,315.0929843,1265.440683,28.24959711,74.46331492,1512.621642,18.57038651,27.79609663,77.57203586,5.828799557,28.48508777,206.719648,55.16337615,7.558864118,15.73917166,8.965061137,79.83337917,3202.754804,6.351486002,10.22722568,22.01314643,20.55337009,1097.446091,17.54073722,22.3584019,77.25015749,445.9443926,75.80616605,11.00914287,45.91098914,143.7498521,68.74479837,141.1802213,151.6603402,333.8621152,246.3412618,432.8300918,26.85503036,179.0489263,6.207886457,11.46594669,5.988102927,34.28757756,7.317837467,99.73940298,18.52509037,1304.209424
5.774735165,5.671460784,8.312630187,13.61410566,63.00078722,1786.157885,35.39165452,145.1256146,1128.541192,19.87738307,623.8033184,148.667826,620.2983639,31.06893905,231.9142857,380.5651083,893.6050701,9.624042293,3.875945275,215.9096323,603.0237524,70.36578507,124.2177668,994.3905606,8.283236705,33.46916479,5.58410893,153.9878313,14.64357431,23.79420674,148.5231499,29.94019588,36.95278954,6.615507488,24.51173982,21.97639031,103.2952538,1591.473228,175.407961,45.75717823,161.122205,13.5080868,25.01508164,73.42649136,7.491647487,6.538074275,210.0607955,22.54114436,356.2563201,238.7040688,321.4124321,17719.23548,778.296537,323.1862981,21.51997027,740.5021602,4811.44322,690.7467053,17.10122261,2419.476415,101.0903419,187.927436,1405.80386,329.0009218,41.07117887,1758.886244,42.2634908,830.8638354,2358.117578,1967.41866,18.84599051,3900.505896,209.9254271,131.3678498,1226.90355,4295.045686,61.06944307,512.5646532,2246.399197,1267.86061,3433.231612,498.6346783,260.2650298,61.47997582,41.2530745,28.11443516,24.77386453,30.06803187,39.25617443,12.55070272,89.97658577,139.6783398,352.5156638,236.8636507,26.78923281,349.0861823,88.86500557,4.752079354,31.32663934,156.6528234,26.97744221,36.1088096,742.9560264,1545.80324,40.07834796,19.89811535,73.98592134,96.72784026,275.5671116,633.1507413,50.72531695,27.97143278,308.1150324,198.7688041,91.637579,78.80590581,134.5333959,75.21647515,8.938963336,93.7663067,542.6133259,318.8980023,84.25784654,100.180752,258.1116185,9.672560976,199.062938,253.9628728,32.58314085,854.4354946,19033.63473,18.07204827,5.288769419,16.80244773,124.1039185,16.11053919,121.1198901,4167.586392,238.8115091,45.96419017,233.9999099,1500.372954,73.94933419,694.4958608,171.4223672,341.188852,25.17841352,144.1965637,370.3255816,809.9531285,13.07068809,39.12254235,313.2408723,1249.724796,26.07028491,71.42805996,1475.103257,18.0190588,21.91283105,79.0400497,4.834930942,29.90176581,188.4932566,56.09270727,5.320309384,16.81297031,8.979180977,79.96710208,3139.76872,4.610291018,10.5181743,25.94279164,18.38313382,1066.885463,15.15384052,20.31746059,88.24280628,438.9408098,74.05760682,11.71213769,44.84446475,140.3852919,63.427863,138.6614096,137.4492511,291.2568421,224.4264504,413.2962561,26.73785251,184.9852847,4.21637264,8.480687939,4.600209031,32.93529142,6.95921134,90.33764728,16.10122014,1238.948994
3.257720513,4.132229007,6.455804259,12.52132189,63.53110502,1632.504781,34.21922915,138.4711643,1037.288798,18.0028949,498.5795296,124.2626646,589.8698858,30.17899318,191.4410065,192.735997,633.0356336,10.10907699,3.815919756,201.2800034,538.1502189,74.17689369,104.9305492,1009.032397,0.634741025,31.5403208,5.915384118,137.300244,12.9631527,21.03891432,133.9722547,24.42150843,34.51511519,5.438811717,26.28476711,18.46053431,95.74643533,1499.623103,154.7091707,41.45245733,132.8893137,10.45032773,22.56151395,61.43743259,7.285152173,5.192008849,190.4887783,21.31598324,314.9262109,181.2304078,307.6619684,17106.65718,730.4949899,290.8530454,20.26102981,649.448068,4571.897116,636.6049127,16.37307278,1948.261297,98.20593961,163.1503149,1199.425488,304.8427672,30.62767442,1564.119588,38.99970155,781.4061669,1923.933549,350.2462135,14.79824368,3105.624169,185.380104,121.5321522,1117.728108,4493.899872,57.98253479,455.6939695,2893.83193,1199.248801,3522.417504,431.6965779,233.3659062,47.04973606,30.00261893,24.72263828,24.07612201,26.85776527,38.05255206,8.008813015,63.20522974,123.4951995,293.837835,227.8545202,26.36916695,283.4047681,70.39015148,4.752965378,30.67779733,158.3975636,21.64345296,32.22190923,710.562639,1477.882811,42.33842248,17.86044989,44.67246405,88.78322718,250.6343956,565.4187515,46.69309675,26.05991766,301.0988491,189.191029,85.40718088,71.17672732,115.2535648,62.58245782,7.106747753,77.27981867,497.9262783,295.491969,77.25100503,88.74460894,241.2047692,10.15356701,182.8365936,243.6055024,30.75961503,605.7368769,20842.30996,12.49126045,3.27989302,12.76662499,115.8743323,11.46711273,112.5391563,3924.590717,242.1958733,38.89379749,210.4879327,1369.615829,66.70916165,598.7352323,158.7667003,328.2619248,15.94808873,127.1496033,325.9058864,694.1358947,10.95934163,34.48264678,285.21029,1143.002523,20.05799025,63.71027518,1346.824996,14.20193004,22.57251552,75.13434502,6.205245158,31.19699695,187.8512854,51.94777642,3.273962773,12.11520599,10.11248184,65.82690006,2937.440075,2.409426761,9.423676801,23.67968705,16.83291019,965.4007205,19.19737318,20.5081755,84.06861382,440.1667833,61.88167844,9.475146939,43.8370284,125.0985174,60.98377207,125.4782503,113.9625612,200.8827091,220.5772176,382.2535835,26.10183888,186.44251,5.105762672,8.24221457,3.416120046,29.59533119,7.654087639,79.82868604,21.28532885,1190.277933
5.057437746,2.814705664,4.994499376,8.345331936,65.3591077,1469.916316,28.75456828,118.026358,916.6303932,17.32630813,338.972149,86.49278094,581.4898637,26.51759887,174.464987,1.046990436,505.1861438,9.309835506,3.100822117,185.4277024,488.7103437,62.46274953,86.20869919,905.7048491,-4.224397534,28.6124164,4.977375217,135.4965411,12.81750461,18.46280201,123.4237512,24.54421203,24.91338628,4.375307273,21.3796309,18.37212883,92.2160111,1446.358416,141.0040271,42.9283318,104.1555579,9.151121519,20.71497504,54.58312755,8.618493412,4.65948489,183.5498188,19.4484574,301.1600284,123.1752822,286.7271232,16812.8737,687.9386159,288.4542809,17.4638549,581.1693406,4482.540087,585.2472136,16.77467887,1636.916285,88.77600898,136.8174552,1106.755761,277.7041412,29.78210409,1422.781974,41.58741426,713.0388061,1522.267822,-1354.01232,10.49230588,2429.44398,168.1255755,122.2191314,1028.325427,3851.222116,58.22321024,411.8126018,3750.731946,1046.550031,3168.910245,396.2455056,204.7298585,46.72522795,16.82259649,24.22745708,22.96023755,24.68338938,35.82387917,9.9603299,38.47626319,101.0594124,250.792035,222.4732441,28.15337187,274.7759251,72.46630312,4.266674192,23.42352978,130.6826721,22.3205045,30.75159647,650.1447603,1436.017683,34.19746124,15.07783275,8.121724437,83.3378692,232.4884577,538.0057966,44.89346406,26.46341549,277.7908817,176.9166394,76.76635935,58.35061081,108.534192,63.40477915,6.900516525,71.54822068,451.9123157,391.8200627,69.90993856,76.93608044,227.8806379,7.472874851,153.9654692,219.6820611,23.94304138,356.3704893,19010.66514,9.586669042,4.174732104,11.64665085,114.4703527,9.130059265,102.2821442,3384.994238,192.0847428,29.81514226,168.8343402,1173.34204,57.72244216,486.0522895,148.8084321,283.1428197,13.82168745,110.3172094,266.1163316,520.0316377,11.74686915,31.35513031,248.2607588,1020.156458,20.13322687,47.32239317,1125.666969,14.93546424,19.4340541,65.67894727,4.144132024,23.7441362,153.0122182,38.56239252,4.631551208,11.83702089,6.753698032,60.74662605,2657.320426,4.33819566,6.028584412,17.69735707,14.89989153,889.5822784,19.91953847,16.0132938,69.48148867,374.5481443,60.29004605,6.942875644,36.39049718,106.9707487,64.20274586,108.3566405,102.3784634,195.0940297,208.2622009,374.1289746,26.31852041,152.7826498,4.492150435,7.523892288,3.195931008,30.05540481,6.483413476,76.20430467,17.37155079,1177.663266
2.769384161,3.60346903,4.023286452,9.764913836,55.87905059,1227.087406,28.67364702,101.2318061,799.9995971,13.68460171,195.9404904,76.23234823,661.0614577,24.33131023,173.454099,-202.7778196,355.2025265,9.534192949,2.573916047,164.030131,427.2010756,52.89729352,55.97913188,770.4606751,-9.672680269,23.59177317,2.901974193,119.0874904,11.31871966,18.41760417,104.8413956,18.68964185,19.67193941,1.738366369,21.34178742,14.37490569,83.92707586,1337.584756,129.4835472,36.00859677,91.02713144,9.72758066,17.73755632,49.35265376,7.057078953,2.49040896,170.0085095,16.95745273,256.158193,71.84599692,275.5320313,15383.94596,664.1114103,260.2927164,18.38027307,537.5233911,3932.069399,542.612892,16.89555155,917.6320687,80.30309805,108.2478344,934.614375,255.2064389,24.23433048,1335.797043,29.29199174,651.1909041,1072.375046,-3011.953779,12.00729032,1851.921109,148.0765668,112.2747256,981.6489926,3894.005146,49.89524255,361.6998551,3040.021521,876.210475,2883.704405,342.3645991,187.6768029,39.17253058,6.490295068,17.29038521,25.6822116,21.0489657,30.74763411,8.944819472,29.16691123,100.5429648,223.987906,211.7522088,25.2599357,279.180122,44.56552142,3.311800719,24.69692498,103.709622,18.9739913,28.19649868,582.391687,1323.088276,31.64793914,13.41436888,-23.3448303,73.35792844,233.1409963,502.2641357,40.98524777,24.04425573,253.8028843,170.2995694,71.62558914,49.60199486,95.79754189,59.86093266,7.868772269,61.95863002,417.9785585,291.5296975,60.82171568,80.27494186,224.1952417,7.184713026,128.186604,192.5354135,22.25884971,142.3055756,13418.82453,8.200410569,3.102478628,7.314024049,111.2206389,11.85734864,83.29753774,3003.309014,179.4509223,27.03227533,163.2143176,990.8594041,47.18769457,391.7025113,115.0637346,236.8674868,6.803776254,99.08671821,222.2805039,401.6357887,9.848307169,28.78179331,222.3038373,896.0339549,13.72363098,40.94227958,896.32467,12.16645742,16.49660464,63.37513652,3.930700763,26.1768894,132.2717922,31.50414317,3.258859197,11.89580409,6.69878578,56.33399137,2530.512394,3.38528072,5.014281802,14.86043809,14.64844931,887.7447863,20.29709199,17.4762997,57.66183914,336.0810354,47.40691294,6.618995755,30.43405996,89.6741334,54.25185931,95.47693731,95.58678725,170.7925886,191.7997235,370.784948,17.97369292,143.911503,2.273956306,8.04285962,1.607244053,23.07453557,3.223675989,66.61590516,15.21101967,1117.22702
9.189660375,5.597752978,8.252806295,18.20266194,78.47648944,2284.595337,37.27586708,133.961716,1089.246547,20.71282262,704.8844326,127.4040837,742.4404776,31.10515231,292.3382466,882.2435627,927.5206319,12.22118679,4.573491179,216.4549132,654.079553,81.04008484,132.0189283,989.215682,23.85871471,45.41124195,7.790925673,152.6554431,18.44010096,26.03958637,139.9622755,33.36589887,38.09416047,11.42174342,33.68590381,28.81234948,105.5702154,1589.802778,184.7371085,46.32216585,138.550585,15.44578258,28.70698763,69.73776851,9.56044702,5.944935176,230.3806686,26.70764429,368.8618153,340.1014455,329.7899458,18416.0478,786.8430917,335.1579418,22.51992303,775.3027165,4751.558168,692.549574,19.90278256,2969.519264,106.40677,216.8043436,1272.230436,326.4942094,40.79385254,1664.830734,46.3812707,808.2017321,3332.8828,6623.658943,16.30299042,3960.859923,218.6179739,138.4792445,1250.256226,5286.685533,82.98376705,481.12388,4232.666028,1150.871692,3418.2661,463.0818197,231.1432817,61.70566394,60.983921,28.26300914,31.54461843,28.47859233,45.65379878,11.66732144,140.9712026,136.0540097,318.1567533,241.2903104,30.77210542,322.5272863,104.3093327,5.447645247,35.18008712,187.0849018,33.93975097,40.78502366,749.4138876,1655.58594,41.57475183,27.85114848,149.9878599,92.95450577,280.4789925,610.4587605,50.03015691,27.68030306,321.4725012,195.3744674,90.58920144,71.21340272,131.4716965,72.70976503,10.19456591,97.41852964,579.1763312,363.836797,80.27139661,100.517045,272.9690368,11.04949455,196.9723583,268.5860519,32.05304762,1398.523569,26911.10747,20.41340811,6.18666925,18.14849161,148.758285,15.31599437,119.3241318,3982.01586,228.8367024,43.29798251,236.4538183,1423.418764,64.98214763,639.1026436,164.1004266,356.8868345,38.24122208,271.234768,357.0046875,778.9695195,17.80823459,42.23496269,312.7888563,1299.481955,28.57258904,67.51589923,1456.196853,19.58511411,25.17130609,74.7544098,7.880180532,34.65810638,205.6509297,51.16467734,7.046528796,19.51086445,11.51300761,76.11256994,3192.108275,8.189286112,8.617469388,23.03662016,23.19023813,1072.397529,22.18396125,26.45503189,77.69903358,412.5672749,75.73471665,12.06608583,43.95872775,141.1243602,77.59838032,145.4762136,141.7457279,289.0573343,232.627493,424.3618899,25.00141441,181.6402955,7.180666431,12.1395523,6.763548907,33.21625097,7.6560634,92.85315381,16.81296036,1347.77443
9.096230947,5.134842413,8.549122672,18.29253846,71.78369565,2276.992671,39.69376901,133.5969151,1191.931164,20.60212371,726.4354274,168.3361555,706.803163,31.9061135,281.5758278,728.7118532,896.595304,11.52257982,5.215421485,224.3837648,650.668388,73.95386217,138.9064219,1015.338698,22.70492127,43.07136196,6.850516315,155.3372671,15.40203925,23.83663993,152.7033932,29.55498874,34.33112866,8.886930628,31.58548483,25.12868883,104.4070421,1560.321092,190.8939446,50.16079008,143.1339095,14.81338405,24.99124747,70.88456021,8.558302719,6.02536739,222.2786028,22.98884116,380.9863677,319.262583,333.3303311,17968.13216,802.0806825,339.9355938,21.59032189,803.0391619,4843.323843,710.2102641,19.23616223,2905.946189,99.47939442,224.3451189,1352.365156,349.8878294,43.97130942,1736.527892,54.78911602,877.8713866,3057.435777,5126.14531,18.90649466,3838.839322,223.3975944,138.4828622,1263.329799,4750.434281,99.17753738,520.4931331,5600.293711,1245.933296,3593.863446,497.4928965,252.8779599,65.10744745,56.93150848,28.83026112,29.69716053,28.86980375,47.17233565,14.30514574,119.9625543,128.6949236,390.3947884,242.3016338,32.097916,337.6214091,93.6961231,5.579288341,34.08444828,191.0564936,33.48083052,42.74149613,756.6134959,1639.557023,39.26863143,22.45168078,125.7362664,102.5819388,272.9960434,644.3633691,52.89816843,31.74718712,324.2705102,200.7279643,94.60815184,79.0604424,148.3190116,77.78900756,8.848733953,105.814652,621.5126892,383.6069237,80.49984894,110.0730658,304.3022333,10.24680951,201.4545503,260.3864853,35.14166311,1232.081599,24495.07748,19.43122493,8.274224681,16.50065819,141.097302,16.18008087,131.2379887,4349.159348,241.7467601,45.71641808,258.1819437,1587.077569,71.28774933,755.2215632,186.5553212,365.2669037,38.87837907,322.0635853,381.6374615,825.7260198,15.15505501,48.35103532,328.846628,1394.563544,27.05845885,74.1972938,1549.411617,18.66405258,23.32670007,79.39452916,4.590318186,36.77286279,204.549086,54.98656615,6.200614884,17.03719869,13.01009165,80.22728108,3448.074639,5.318752324,9.254065305,24.32497057,28.08881766,1129.181553,17.43697772,25.50066747,82.48120963,426.4768013,78.94404608,12.07447613,44.85394461,150.0687865,76.74189491,142.0181047,132.9715941,268.2109105,233.8894787,404.1668833,29.23025724,190.3612398,6.832468089,12.29407891,8.262859209,39.54886804,5.860559905,94.16093149,19.21318638,1329.235782
6.247238858,4.516342958,6.846077514,14.21210058,68.67328144,2275.790004,38.52112693,139.7512175,1134.630804,21.61183927,717.4696484,125.6051554,655.7213013,37.7670563,242.6363146,559.547607,795.2438227,9.657390652,4.400527963,217.2938285,690.0883657,76.44156053,132.4918132,1026.318575,13.06607273,39.33923713,6.482800714,145.8913114,12.97422884,26.7889942,140.5604931,32.01813146,38.54482953,12.70387442,27.60411883,22.64574004,96.18160772,1573.900488,178.3413968,43.72902677,121.7654302,13.63414316,25.18893044,70.49461594,8.143975169,6.086409393,212.6974966,21.86935512,364.905042,281.4770668,320.9833127,17579.64269,777.4150083,314.395626,18.48992743,766.2935729,4846.552692,686.9674976,19.81682547,2639.160529,110.5420219,209.9974886,1210.591905,340.6767185,38.16136191,1679.175348,46.2954458,895.990107,2661.052246,3617.636761,16.17524462,3514.050994,216.1321229,144.0376259,1221.200781,4936.55002,90.21677163,483.8108158,5559.11506,1262.248855,3615.155919,482.7584544,246.813031,63.36766553,50.58755182,28.9800729,26.12908107,26.21665296,48.03272265,12.30344369,102.5326902,127.7204938,351.8667853,240.7622802,31.7331615,322.6328481,82.62018077,6.554915332,33.84956673,186.5484352,26.74882407,47.84093252,782.663841,1605.100876,40.52248295,21.32256332,104.6217963,97.16578456,268.8077056,770.685713,48.3380714,29.75070143,324.1794842,201.9057769,98.33638281,84.744332,202.947964,76.82933025,10.87966308,97.55286665,572.1117176,375.7319744,85.89600064,103.4001355,268.0367902,11.09371293,209.6616365,258.4886997,29.70348491,1018.325053,23504.34655,17.45550942,7.151364099,16.00559844,140.9072311,14.98104115,126.4378869,4375.843993,248.4965185,40.65329346,270.4120958,1585.69666,77.74440324,744.5342333,179.4698802,381.6233349,30.46064024,268.7852753,373.9512484,812.1397375,15.84136722,37.50440403,321.0754208,1407.734018,25.38505095,71.73906813,1537.146007,17.01209839,24.3212733,85.21448495,6.168287052,35.79084293,219.1814728,56.14922663,6.106072735,17.68805624,10.66787497,78.67133253,3437.851643,4.083120649,10.17437891,25.09890897,20.70904607,1102.299807,20.54463774,26.19007953,92.88648291,437.5559717,78.85504114,14.13908076,44.45139836,149.9495767,85.04139318,138.0645122,149.7998023,244.8594539,245.8144865,396.4917764,29.72902618,193.4227225,4.770813969,9.249514943,7.153710758,34.42657479,7.959843053,93.46566801,19.76801109,1311.267141
6.335724887,2.962085159,7.339492179,13.21663176,65.68270441,2172.155235,35.06109072,130.9285474,1075.606149,21.12077508,598.1064901,103.1919042,649.6687669,34.63376669,216.4488046,374.7369896,700.6002314,12.35489628,4.424476561,216.8748876,608.5055664,70.86428601,116.6130598,981.6031514,6.482298778,37.33065408,6.475146549,142.603139,13.04542938,23.78967897,145.6349931,32.10798868,32.36748194,8.429906873,27.30309591,24.53251646,97.31722054,1501.389913,159.6729142,47.65799997,107.4850032,9.533740306,22.68494482,64.34166239,7.12022864,4.869943277,190.2907836,22.88343061,352.4988794,227.6464663,305.3663586,17372.58184,746.5407316,319.1692356,16.3924884,700.7030381,4956.214653,682.7477086,20.54029451,2358.326854,102.5595584,193.542218,1119.427371,334.6168702,39.65052024,1593.357024,46.94237458,878.2280511,2347.888847,1994.124315,16.24152883,3094.705604,221.1049228,136.2765915,1178.429307,4665.844886,78.73390303,455.1332155,6126.041787,1263.347286,3592.900397,471.2682496,233.6359889,51.05303959,37.96318139,25.88348313,27.59735103,27.79612806,42.16426143,11.97596467,75.22189175,120.1161967,356.428139,233.105235,31.71894867,290.4202784,83.13383447,5.711574693,31.06675297,167.30308,24.47621175,40.94261515,743.3655923,1542.570703,41.6382375,20.14821398,69.87245427,90.46138971,254.9560922,655.5280914,44.10753117,27.98548774,317.8686339,188.6152824,92.97065854,76.66903424,190.7940089,78.4659409,7.249563587,89.02955562,557.2902445,375.2874904,78.04990227,87.23027451,262.6460978,8.428477046,189.6914602,235.9152991,31.66318275,784.3653554,22133.07561,13.58568765,5.854915762,14.37566972,128.2856831,12.73545532,120.1242868,4325.45235,228.5030763,42.65331813,236.293967,1502.068931,72.77109479,719.2639825,169.3575211,378.2991993,25.34532215,230.20872,342.9536926,745.0963823,15.58563805,39.92210869,316.0371135,1349.554914,24.53783454,64.89255008,1477.551031,14.81741391,26.44982256,85.02766979,6.015026519,31.21933757,214.3371038,50.68377749,6.194236627,16.28163282,8.96101445,76.10620447,3439.892166,4.711396368,11.05367717,22.1303172,25.78787147,1053.89873,22.27213683,23.04092306,78.73139592,430.5427898,74.11515724,11.02326837,51.01364724,134.8247927,83.147197,152.5005578,126.8101558,216.2423954,241.7514674,369.909787,29.35237778,187.1415868,5.6968814,11.26016051,8.132187091,34.8476431,6.770320159,84.52868678,23.43678848,1224.200051
4.875348178,3.054487153,4.794447589,10.82418177,61.19968781,1849.370501,28.86175086,101.1630208,838.9689967,15.77993143,396.1403541,78.73190647,620.7936266,24.44478768,182.5713307,150.5326825,503.783569,10.16318592,2.966230444,180.8990727,487.571344,56.04612239,87.98877109,792.7083646,-0.120078359,30.03392532,4.170272913,124.6235769,12.66150513,19.44980755,135.561602,29.54213887,22.80770939,6.245217548,23.5549995,22.45971626,87.23967457,1303.233639,140.3209665,38.33387579,95.74957267,10.34444286,19.93754701,56.87451182,6.427068554,3.460046224,187.0228421,19.47317715,320.1680619,174.2303709,285.6078593,16566.94656,707.8201755,312.883264,17.73055499,637.2521319,4524.201448,607.1436285,21.44882405,1844.759375,93.97819131,155.5761913,1019.816023,311.9143891,31.25258708,1510.973466,48.41798025,809.0047954,1899.186299,344.5194274,13.22855789,2613.31369,191.6320174,124.7276893,1163.925682,4174.455734,77.16637809,424.0339804,5987.952939,1065.498955,3269.044938,434.4997437,202.2086702,43.91022645,27.9198505,25.00066812,26.92051307,26.02063116,39.70186935,10.65176048,59.22755515,104.4333981,301.9988839,218.575662,28.95496801,289.9771954,68.79007108,3.921512636,28.24813445,144.6657657,26.85964274,39.77211253,687.1104355,1439.495771,35.31997493,19.85288058,34.23647949,83.26378208,247.940903,596.1045986,40.80918502,28.04874178,288.1823113,179.4830296,88.68504558,63.72948483,177.3470144,73.89856551,9.335401382,80.53576745,499.7301469,363.3890852,70.17259126,90.279931,236.6964675,6.316499966,156.6583169,224.043007,26.88027381,538.9781723,17858.90169,12.17893106,4.900673051,12.25454064,150.0237017,13.21835656,111.2743256,4005.848568,209.1546776,35.86787694,204.1743204,1358.03418,61.09733875,648.4776566,142.8314947,318.03096,17.1965594,198.0514999,316.4734339,638.2574394,13.00658608,34.21466043,294.5232,1161.892622,21.7958963,60.60736533,1276.563641,13.98939651,21.89358668,72.74263195,5.172036601,28.90499011,172.1490809,46.05948245,5.759527756,14.2481046,8.837036714,66.69378949,3490.563369,5.710533836,6.350816912,14.88210246,21.22515333,977.619042,19.45642764,20.03524276,69.41564418,353.0694799,68.54499985,8.702820243,39.52841243,117.0166528,71.40956826,130.3851371,119.9341634,200.9947376,219.8564058,376.0966707,26.83985672,182.2911986,4.908370222,9.537035168,5.247676857,29.88993656,4.917342682,79.21166787,14.93679974,1207.088909
3.655501203,2.923251835,4.425000263,10.19517315,56.40327439,1897.507271,27.35446007,94.31781276,772.4931394,14.34681347,281.3903441,112.3117963,545.1809628,17.87574363,161.8790026,-46.50335094,370.2954972,8.937010828,1.638430766,173.3653312,600.84642,50.10515629,71.70826908,713.0114298,-6.001810888,24.66890218,2.974459363,110.3030525,10.35956856,19.87297428,115.4081384,23.90413101,20.59145511,4.100940766,25.78081474,16.21851243,76.14222311,1275.132223,127.2412661,31.46302416,75.95977207,10.85245338,13.78203935,47.57958641,5.777114248,2.681915337,178.1346041,17.08696162,284.2940646,123.3761875,262.89039,15806.10463,665.128591,259.4201585,14.85759228,558.6046405,3980.401603,568.5493074,19.34947151,1211.639117,89.82651059,135.0273131,914.8158898,293.809323,25.63788373,1370.310411,39.72595102,722.6507745,1367.726613,-1369.146784,12.18622521,1990.914997,168.4154028,106.823118,997.3293517,3912.60682,70.76132271,387.0794703,4709.071922,892.4652582,2906.943679,373.4732306,168.9171762,33.2662628,21.11693726,19.48969178,25.81140646,22.62608989,31.59192366,8.720295939,41.35298521,103.803546,256.9306494,203.1911618,22.69139852,285.5206883,54.6135931,3.467354026,26.22081893,127.0100716,21.46560964,34.21882402,604.892925,1317.955972,27.3667227,15.79263332,10.00125236,76.90110075,228.2623687,533.354196,41.16313707,26.61162718,265.9236338,170.1618785,71.5933175,55.12419153,136.774232,67.34579792,9.062197804,73.07879067,460.2232288,292.2868129,66.52519161,84.25277638,211.7050179,6.489979162,128.8248598,204.8055937,21.41495912,342.416233,13172.0119,9.952041519,2.567187318,10.18345535,137.7035355,11.26112112,92.25536837,3363.602952,188.9171362,30.93723734,191.217943,1135.97134,52.55974805,523.3350774,123.4411404,270.0825852,11.75799938,196.6849019,261.6271228,494.5065324,12.16440141,32.2054541,257.9265282,953.1360834,17.78394477,50.1702378,1072.166631,12.73643105,24.783821,70.4066164,4.236425711,28.55600133,143.6687696,38.61239909,4.518422596,17.14473744,7.190661672,60.54111985,3338.521744,3.675570877,5.820365179,9.750573358,17.79457309,941.6300062,16.31592192,16.56339748,62.87916223,308.2883535,54.43353183,6.815199632,30.3702843,103.0127956,67.58813581,102.2902562,100.6973502,133.689173,201.0923208,359.0155639,20.32766496,147.8367759,4.956975486,9.163301933,3.533356018,27.76539964,5.989268876,73.10305179,11.15294426,1153.051888
3.031203692,1.962938859,2.556676529,9.170200849,48.72314516,1685.466201,22.93955699,82.30728419,706.3668788,11.20345331,162.567816,89.51903598,464.5795124,14.29377902,120.5457751,-235.7026058,291.7156639,8.360925574,2.670642019,160.5376684,415.7607357,50.14300201,52.54531053,685.3287411,-9.469277762,18.47361149,1.734819007,90.88215299,11.34257014,19.51022187,102.8905557,17.25192571,14.14624275,4.303713457,23.58153624,16.84669829,76.52311606,1113.57261,116.5625321,27.3550121,66.34894058,9.154203171,12.50958127,39.01650618,5.01251463,2.358640892,160.4138949,12.66869999,252.3272535,65.22613603,255.301559,14696.74889,627.5936819,219.4475653,13.94869128,503.7123317,3570.896725,531.1170335,12.44713055,729.0231744,79.84066453,104.5442657,823.3394808,288.1649137,23.16391237,1248.868507,30.26180463,661.5355005,805.2708502,-3029.978301,10.19885484,1504.972077,134.6736723,99.95203134,937.6764076,3340.376158,72.49558337,360.6545185,4178.851441,776.327285,2699.898711,326.2929841,157.71141,32.67136958,11.22877058,17.90426405,23.0911233,22.40467236,24.14734202,7.714015548,19.38915033,100.9193885,223.0094936,181.4497916,21.71047225,247.6965856,36.64986698,3.138948923,21.85385603,111.5315928,16.34588449,30.89882058,525.7180234,1244.496604,22.92132908,14.39931177,-21.39028728,74.67615983,220.8142666,482.5408046,33.40631641,21.9677868,241.1593339,161.0529308,70.70189849,59.98850809,114.9270466,60.32376203,6.54791783,66.9417247,440.5921049,277.0108288,54.81066376,73.25124336,217.9129554,4.603949259,119.422298,178.4401031,23.04623581,117.1385794,9952.550837,7.866410101,2.641484775,9.796193227,119.5927789,11.39776063,86.18676825,2972.702544,170.9401742,24.39971534,153.5206178,999.0593448,52.86335461,415.3053934,112.0837405,232.4245319,6.488543145,214.4050752,222.5225223,392.6587574,10.2316828,29.78119818,235.7917162,830.7907656,17.33290891,45.15626015,908.3535253,11.547152,19.41962036,53.57399541,2.839917322,26.42135556,124.9903933,34.2913992,2.347468993,10.90435188,6.772483711,55.79899413,3593.314577,4.437996733,4.746271238,7.365592314,17.57781823,887.5019896,13.27883268,17.18252946,62.3141448,294.4284461,49.74573099,4.585920343,21.69752119,94.54772101,61.3968247,90.82579592,83.91005494,121.3130267,197.8809013,330.4444146,19.80020084,125.7730139,5.390719098,6.273708313,1.904475999,26.5808993,4.209212827,69.90337647,8.790320468,1131.900003
8.036728944,4.394162049,6.675896575,16.41282125,71.27380699,2419.884454,35.84416912,115.9845111,1008.254858,21.56904954,705.971916,124.2847705,653.0750352,27.23441849,256.2097994,863.7851653,912.2174529,11.19291105,4.602381001,221.2625238,646.4715264,67.96009378,124.8255771,941.7141981,26.67449032,45.03501514,7.719925349,137.6220242,15.78839677,26.6727618,138.5856446,30.08063193,34.12226694,12.44213587,29.50919468,27.753013,101.6834905,1451.266879,161.9716039,45.35174558,92.48496181,13.20930602,27.31647421,64.26429232,8.359366373,4.584013654,224.9247048,21.50665272,350.5070471,335.0069475,309.3338381,16906.65267,741.8215005,293.7645769,18.78415585,739.6754027,4403.999059,665.5620115,21.38060611,2846.707511,105.1700224,207.8339968,1055.538913,350.392949,39.13600285,1535.553662,46.47474138,821.4280047,3149.682029,6541.17183,17.42147819,3839.09292,247.5550978,132.2845953,1200.631992,4286.410442,88.70397889,438.4371057,5489.160823,1024.437562,3283.328026,455.9926449,222.1367105,56.43243039,66.72654984,29.83898466,28.68621376,29.18228291,39.02870043,12.29907349,343.4252022,131.7737334,320.5677774,230.1130075,31.32554169,318.8711707,97.22213487,5.906232027,33.28154583,211.877916,31.49151143,43.05041313,705.9703049,1544.277328,37.32504127,27.85906869,150.510891,89.68174694,259.8390054,637.1306399,43.56613467,29.20741119,312.4304719,189.8505176,94.39362192,79.89739967,165.3837707,76.92187202,8.538203538,83.89978525,544.751771,351.6543622,80.58210803,107.4665015,259.7802776,9.730756961,199.4686746,260.6623762,29.67050865,1387.587364,24628.96197,19.98662026,6.197246681,14.47485572,147.8123324,17.40345176,121.0805661,3857.806221,226.3010759,38.49826758,252.2494184,1413.712617,70.53806467,655.2570376,159.7477775,350.864598,47.1936349,277.3941014,336.7528914,792.271693,14.24298451,43.22206999,304.3868161,1270.520186,24.17777645,69.03112804,1388.313031,17.13779561,23.34074373,76.13698951,5.647676571,33.99769876,196.7332495,57.63226505,7.508711583,15.62111052,11.92652639,74.7147655,3958.293927,5.678055832,8.44582526,25.82120856,21.71661382,1068.502034,19.68792826,23.95156632,75.14879293,367.809754,78.53623444,11.58742064,36.78929239,144.1449267,76.88790331,134.8122803,125.070069,324.9720132,254.1212476,384.0521729,28.42637565,175.9157322,6.344432596,10.72271201,8.905248171,34.69943034,7.234618494,94.1017625,18.92800148,1301.622476
7.372882875,3.906590227,8.051434101,17.2156978,69.74671829,2407.462254,37.36036029,126.0837977,1079.422413,19.63312729,760.4088733,103.5771317,650.9550652,35.68246283,243.7323521,715.4981827,909.2438983,11.7669794,4.912370578,226.4044565,663.6693741,74.18006617,133.8981468,1010.094946,18.48908388,43.25581055,7.381401456,138.1826506,14.70294286,24.16033884,157.0257366,34.36774846,36.27373165,12.99814803,29.7662968,28.99805101,99.63754274,1543.956601,161.5616591,43.93602892,96.39461676,14.21345355,26.818346,71.33950479,7.677914373,7.635335771,215.7021132,23.09839234,355.3012691,290.9642688,305.589766,17125.00216,757.1920298,312.737801,18.22928581,732.3501838,4680.166084,678.6745402,20.57843784,2657.094973,109.9516103,209.8412676,1027.811725,340.1853975,41.1808602,1555.749212,43.384553,856.9404294,2843.912391,5049.680246,18.21659496,3728.83756,245.3651606,135.1017031,1216.212056,4256.435506,91.25643777,470.2095149,4986.852038,1104.702689,3358.489912,451.288911,249.4218318,57.42734685,55.95600035,29.59578413,27.74187473,32.39458323,41.83846817,12.4458364,334.6014471,133.1645842,333.8420141,234.9226223,32.39794564,333.1667881,91.76157507,6.453930793,32.43326606,215.9589602,36.82680174,43.80318746,701.9890727,1569.628783,38.29917377,27.24996205,120.642925,91.43822894,267.6062887,641.2316441,42.86824084,28.07495236,315.4592162,185.5593645,95.92064038,83.41405337,186.0537104,84.22611882,11.09702701,79.36846202,528.0224313,330.3629007,85.55806601,109.763276,268.6045374,11.0277565,216.4530508,254.866228,31.90766112,1181.236816,22770.50673,17.83539233,8.061441807,15.62341519,148.2815612,18.44242388,127.6724637,4238.908132,235.1348502,43.02790207,265.8667836,1549.20198,83.90157751,725.7457926,174.0375804,366.7031057,43.35309554,239.6865391,371.5552232,868.8065175,16.39091324,46.18318688,323.1681334,1361.270817,27.66000852,72.44972697,1497.639166,17.76165391,27.31863971,85.10071875,7.252260749,32.25751306,212.273463,56.40353736,6.859710864,18.49269517,12.52009919,80.2482799,3685.978329,4.904823704,9.146267618,24.25780959,19.55118858,1063.186924,23.87393991,23.7971988,67.99281534,382.5148116,70.73138129,12.31015095,38.26127022,131.3673719,77.61715487,145.5671295,127.5774681,302.785195,268.5034258,379.7328309,33.19305041,172.7809,5.357555362,11.08700604,13.09181075,38.23660394,7.20345451,90.2309092,19.49359784,1255.638912
6.105667424,3.414966856,8.261075768,19.21243308,70.54365405,2328.971812,35.1198183,129.9850305,1068.620944,18.26362889,711.7262349,102.7249052,653.3828951,29.38271428,228.0907752,545.2359227,804.655719,10.03324058,4.605901248,215.0059778,651.9721677,70.70432883,121.5651288,947.19344,13.19702059,43.47313308,8.132347292,133.489701,16.16942406,27.06458823,168.0650508,33.41733242,34.99078535,7.599206531,27.79425373,27.12294776,97.22677045,1506.993036,160.0255777,45.43258231,98.8888392,12.19813289,22.62013604,67.3865019,7.083769478,5.083537228,217.2369205,23.36737549,369.7211596,255.6091792,298.2940447,16995.47689,749.9020698,319.7990409,16.62695579,699.8967754,4720.982851,682.1186621,19.11882556,2465.063195,103.4346687,199.4141032,1030.045422,345.7276506,40.13352375,1551.772961,47.32505042,872.3384181,2641.673527,12675.07039,17.74255928,3449.553164,245.9949958,126.5733943,1213.88754,4292.936733,89.0796513,472.5684984,4635.364155,1169.703551,3398.668434,481.3036157,232.7198923,51.79686556,48.51577896,25.90203567,25.07288396,31.04490904,40.2257495,11.20058208,728.1673862,122.2080984,317.3896113,233.0177519,32.92088466,304.2670685,80.85482155,6.687922202,32.31880282,187.7585446,31.11084502,42.82766086,698.8604132,1517.950527,39.51106403,25.74612961,90.79718757,87.67236703,261.0835267,611.1666598,41.21985572,26.09851599,313.5487751,182.5517178,94.24262154,82.43209133,163.2999002,87.42761945,9.527330387,81.4513118,545.1920038,338.1608499,77.9561488,114.9151717,263.9836153,9.563850893,209.4444495,265.5896016,33.17858379,1013.357084,20325.2822,15.71098482,5.262757609,14.62458998,144.3406044,15.85775543,123.5822168,4266.012,232.7695791,39.22231284,242.9524392,1573.170936,79.52485718,754.6280717,161.3344382,365.1610565,31.95365748,218.8489041,346.7399803,828.4382036,14.01646286,42.87323299,323.3595329,1373.541737,25.92470276,74.36474815,1486.609859,16.66205297,26.62799018,78.6577652,5.622988668,28.82932546,204.1174634,51.36609419,6.404134732,16.77022646,9.514970963,77.63662214,3600.581229,4.507258603,9.541094859,20.20135787,18.55381547,1029.327819,19.98773884,21.84890417,63.51772913,390.2817466,74.40734526,10.05984368,39.54624159,129.5674812,70.15533254,151.3711572,118.2757556,254.4291089,244.3650267,374.551889,27.08542869,174.6457325,6.031712076,9.322027602,11.17869447,37.46770098,5.466809999,83.9097169,21.18819176,1236.064967
5.60922508,3.30473007,6.811346771,14.75177242,67.37092535,2193.252965,33.65942388,114.1278545,1013.196942,16.77621338,642.7090755,109.5830648,610.6080787,26.97961635,203.4524651,360.5476781,680.0829009,9.880859344,2.711765911,207.2716511,716.713667,59.33065452,180.2999031,933.9753294,5.943382491,37.66268439,5.359273346,138.0466485,15.71714815,24.34682556,150.0484599,31.84508725,32.88704306,9.144972276,26.83839536,24.40883217,92.87197392,1464.069482,152.1168011,46.14572573,94.92243869,13.75224677,24.24041454,69.14701822,7.824140316,4.50640946,243.423097,22.38104904,368.130453,221.3963169,298.1112313,16883.40785,735.5075436,305.2202127,17.05435322,684.6296673,4465.617052,663.6633931,19.01463114,2185.366552,109.8509676,200.7758748,1058.955828,350.2762305,35.49957708,1586.782089,46.0168054,856.5637872,2320.955195,4235.467246,16.84837931,2991.377837,229.3045242,121.5288851,1168.450258,4194.332277,85.43194531,445.9045368,4425.608901,1206.369821,3265.296168,479.1405998,236.4710459,42.2459613,42.15278029,25.64658572,26.05351142,28.1219674,38.28754668,11.23949194,655.2003164,119.0814635,293.403516,247.0010545,30.28654195,303.7728739,70.42958751,3.581758223,33.56222692,193.6616743,31.22603564,37.10277413,707.4107008,1501.251205,37.39683414,23.27360021,69.68648139,85.7646057,260.4034712,594.2728741,49.14268184,29.26703823,295.469264,190.3091767,95.8264994,75.66681287,157.15849,83.25310014,9.385632026,76.3655128,515.7575229,352.3134963,91.1338312,112.9135562,245.722228,8.182894094,183.8233321,267.156979,30.86264588,807.9648644,17983.06186,14.3782119,3.977854324,14.78242733,144.2821861,12.27911996,117.0859909,4030.935308,211.7030287,37.68864371,233.7064944,1508.000358,77.07399628,724.2300006,147.5120302,344.7666709,21.42959956,188.2007208,347.2615109,761.7631721,11.59900801,40.12988291,300.739765,1240.56861,21.6268751,72.25553206,1420.804174,15.17782115,25.65759579,74.91464673,5.33344933,29.75322089,175.131973,47.91587662,7.112261012,14.96833838,11.28166735,75.12596036,3456.027548,4.224849408,7.3936354,18.74978175,17.17222741,1038.030364,19.19963975,22.63611062,60.56605906,376.7474532,72.67321305,9.351588419,34.1556467,122.9400445,69.22352955,141.623689,107.8428308,225.3696507,239.2961785,414.0591606,24.23488162,156.6595064,5.828849904,7.756821262,5.275454214,34.05677364,8.71075926,77.7303314,15.80331057,1236.064951
