desktopspdeReu01,desktopspdePho03,desktopspdeGen08,desktopspdeTra15,desktopspdePho16,desktopspdeGen19,desktopspdePho21,desktopspdeGen25,desktopspdeGen31,desktopspdePho33,desktopspdeGen34,desktopspdeGen36,desktopspdeLif38,desktopspdeGen39,desktopspdeBlo40,desktopspdeReu45,desktopspdeGen47,desktopspdeGen53,desktopspdePho54,desktopspdeGen58,desktopspdeLif59,desktopspdeGen60,desktopspdePho63,desktopspdeGen64,desktopspdeGen66,desktopspdeLif69,desktopspdeGen70,desktopspdeGen71,desktopspdeGen75,desktopspdeGen77,desktopspdeBus82,desktopspdeGen83,desktopspdeGen88,desktopspdeGen89,desktopspdeBlo90,desktopspdeGen92,desktopspdeVid93,desktopspdeGam94,desktopspenReu01,desktopspenPho02,desktopspenPho03,desktopspenLif04,desktopspenReu05,desktopspenGen06,desktopspenLif07,desktopspenGen08,desktopspenLif09,desktopspenLif10,desktopspenLif11,desktopspenLif12,desktopspenGam13,desktopspenReu14,desktopspenTra15,desktopspenPho16,desktopspenLif17,desktopspenLif18,desktopspenGen20,desktopspenGen19,desktopspenPho21,desktopspenLif22,desktopspenPho23,desktopspenPho24,desktopspenGen25,desktopspenVid26,desktopspenLif27,desktopspenGen28,desktopspenLif29,desktopspenLif30,desktopspenGen31,desktopspenGam32,desktopspenPho33,desktopspenGen34,desktopspenLif35,desktopspenGen36,desktopspenGen37,desktopspenLif38,desktopspenGen39,desktopspenBlo40,desktopspenGen41,desktopspenGen42,desktopspenLif43,desktopspenGam44,desktopspenReu45,desktopspenLif46,desktopspenGen47,desktopspenLif48,desktopspenGen49,desktopspenPho50,desktopspenPho51,desktopspenGen52,desktopspenGen53,desktopspenPho54,desktopspenLif55,desktopspenBlo56,desktopspenGen57,desktopspenGen58,desktopspenLif59,desktopspenGen60,desktopspenLif61,desktopspenBus62,desktopspenPho63,desktopspenGen64,desktopspenGen65,desktopspenGen66,desktopspenPho67,desktopspenBus68,desktopspenLif69,desktopspenGen70,desktopspenGen71,desktopspenLif72,desktopspenVid73,desktopspenTra74,desktopspenGen75,desktopspenGen77,desktopspenGen78,desktopspenLif79,desktopspenPho80,desktopspenLif81,desktopspenBus82,desktopspenGen83,desktopspenVid84,desktopspenGen85,desktopspenTra86,desktopspenPho87,desktopspenGen88,desktopspenGen89,desktopspenBlo90,desktopspenBus91,desktopspenGen92,desktopspenVid93,desktopspenGam94,desktopspesReu01,desktopspesPho03,desktopspesGen08,desktopspesTra15,desktopspesPho16,desktopspesGen20,desktopspesGen19,desktopspesPho21,desktopspesPho24,desktopspesGen25,desktopspesLif30,desktopspesGen31,desktopspesGam32,desktopspesGen34,desktopspesGen36,desktopspesLif38,desktopspesGen39,desktopspesBlo40,desktopspesReu45,desktopspesGen47,desktopspesPho51,desktopspesGen53,desktopspesBlo56,desktopspesGen58,desktopspesGen60,desktopspesGen64,desktopspesGen66,desktopspesLif69,desktopspesGen70,desktopspesGen71,desktopspesGen75,desktopspesGen77,desktopspesBus82,desktopspesGen83,desktopspesGen88,desktopspesGen89,desktopspesVid93,desktopspesGam94,desktopspzhPho03,desktopspzhGen20,desktopspzhGen19,desktopspzhPho21,desktopspzhGen25,desktopspzhLif30,desktopspzhGen31,desktopspzhPho33,desktopspzhGen34,desktopspzhGen36,desktopspzhLif38,desktopspzhGen39,desktopspzhBlo40,desktopspzhGen47,desktopspzhGen53,desktopspzhLif55,desktopspzhBlo56,desktopspzhGen58,desktopspzhGen60,desktopspzhGen64,desktopspzhGen66,desktopspzhLif69,desktopspzhGen75,desktopspzhGen77,desktopspzhGen83,desktopspzhGen89,desktopspzhBlo90,desktopspzhVid93,desktopspzhGam94
-0.238201103,-1.040905348,-1.650637099,2.12342502,0.119777868,6.98304073,0.936010889,0.143237774,0.923867035,-1.080473081,-7.347836776,-1.35083684,8.705183056,-3.255704023,2.623184114,1.174170375,-1.830161716,-5.733560042,-2.904151409,-1.699935665,0.140994639,-3.05283977,1.920195376,2.797170884,2.589936969,3.057508026,0.074838096,0.83685833,-3.573063589,-0.512048616,-1.727653891,-0.071951457,-2.899387471,12.40885023,0.404859606,-0.468852003,-9.937968857,-1.275046646,-4.586639499,-0.2576654,-12.89224599,-8.307272235,27.79699885,-1.743609744,2.236343279,1.027282125,0.859543441,-8.803262973,3.218768893,-0.344345765,-0.108694652,-9.582005669,-4.300765362,4.883880117,-2.962441108,0.474260958,99.43962928,680.1919109,-11.98716347,-6.598657031,-6.539920035,0.816854585,0.390682713,-9.322961414,-19.1995107,-0.550797008,7.267803429,-10.77345247,58.11310522,3.628138069,4.756685309,131.3458898,-3.693356767,-165.0101286,-0.542873791,-28.68884235,9.532167791,-43.11166643,-8.979237229,5.286796542,-4.08834058,4.215363955,-3.538201152,4.685499923,29.50542568,-4.655996394,-5.833778744,-3.866832003,0.158342952,3.298143807,-4.484816924,-36.27936535,-0.248967002,-3.819203556,-6.456986441,-8.151234771,6.201462476,-46.6024172,-0.813073306,0.107612027,2.331783092,-17.6237191,2.877578029,17.78360363,4.476589933,-4.603270734,32.4386595,5.668816934,3.79625136,-15.83545624,-1.33967535,-0.758576141,13.3902761,163.409097,2.56983913,-0.063097157,2.568092515,-2.150544701,-2.759249684,6.529673873,7.313762937,20.65753775,-7.730947989,28.34035883,-8.244252679,15.66966538,-5.656812781,-2.189557757,21.47390929,-65.70640844,-16.74679243,3.217379667,0.990918056,3.252481252,0.992889779,1.174459824,-8.315029816,-25.67003673,-1.110244402,-3.332285142,-5.469995802,-1.658425501,2.555242681,-3.28231791,-3.263635881,-6.30880101,1.985765383,1.212995193,-0.527633332,0.166971838,4.7673731,-1.529554474,-0.386802815,-0.299253457,-1.516578887,-2.35103927,-2.391926735,-13.06757428,-3.402669552,-1.272209986,-2.781720208,-3.078969444,0.017995591,-2.76537286,-2.739316642,-0.83424869,-16.61142344,-10.96123039,0.008280325,3.535489731,2.22104678,-13.46637505,-1.241813088,1.666223212,-0.920119943,-0.973168544,5.856855815,-13.2087086,-7.42778229,-1.047647838,-1.840076991,-1.219101722,-2.039154098,-3.674491395,-3.169495607,2.533380232,-2.928475971,8.384322785,5.506718711,-1.821610137,-0.548730386,-5.684456709,-2.20816339,-2.526846179,-1.10911374,-4.712396225,7.03481525,-0.081902841
-0.480756248,-2.700121932,-0.564707882,2.838148323,-0.173349203,-6.642033681,-1.909179617,-4.179181348,-8.89335077,3.719953886,28.48756879,0.729242303,-1.359573838,5.572226932,-0.672156528,-0.812308803,-4.771370567,-4.141263469,0.035189411,-3.779010797,-0.96239194,6.37950071,-3.148658958,-5.903753956,6.519071012,-2.413123531,-1.196689549,0.378417794,-0.426741686,27.19193514,1.400496997,-2.03061603,2.645240064,-9.117371674,-3.286823689,-1.451898971,-13.76726987,-0.453281205,-5.857249881,-3.522390151,-1.765924904,57.43258021,11.66065865,6.496074842,-6.712544089,6.719551035,0.439802923,1.311279443,-0.779832719,2.01800853,5.836482743,-3.505133278,-0.070820857,-3.439147473,-2.477565444,2.619606509,0.069733004,781.4730848,-0.153873874,5.269806815,0.622929516,0.670581715,-9.994814242,0.060208866,-12.01872571,-2.01796418,-9.915515078,-8.883403129,-6.731977095,6.78441678,8.011212038,190.7751556,-0.373062646,22.62296164,0.434767517,-9.372412821,-16.52116342,-36.66233792,-5.541701813,-3.13756971,-0.080800137,-4.198213874,-2.221395987,0.331831582,40.1991294,-3.226584541,-5.415938702,3.637120086,2.298805776,6.165080927,-12.7232189,-0.75109851,-3.4745589,-5.508284389,0.277941583,-5.77457471,7.044907082,-24.63003158,0.168536832,5.145380882,3.696018787,58.74628168,0.774973514,-8.114576448,-6.267933859,2.413978611,-65.48822092,3.592808812,-17.13064567,-12.99466088,3.855956491,3.262492611,17.01663744,113.424973,4.42743139,-0.514795982,-0.738231816,2.602161556,2.454934432,-14.3431932,-2.670384071,50.12638413,9.623728105,7.748244573,28.68343589,-22.31621063,4.1936249,1.547861248,16.72702099,-61.17871769,12.07072039,-1.679124087,0.874287483,0.141307962,-3.348011609,-0.008526356,-6.311649474,-10.30926731,7.869005412,1.11234815,0.010559905,1.761129517,-2.928924001,-0.225350506,-11.1393211,-1.101177017,-2.03463287,8.999732833,1.479917601,-0.688351775,33.11568754,-1.490276646,-3.40325325,0.445662391,0.625683912,-3.200639412,-2.295454478,-13.83463602,-0.814251595,-4.138905363,-3.505073611,1.467311555,11.75287861,1.30641409,-2.692099305,-1.829338769,-11.32548533,-20.87673023,-0.013362493,-3.62919249,-3.683327917,-25.98685597,8.846013595,5.74540388,1.539658383,12.29834233,0.574788355,15.99059981,8.400942867,2.661858895,2.353670393,-3.514648603,0.30979929,4.899524536,0.001377309,-1.758819207,-2.880324381,5.551233515,19.86540941,6.676547117,1.958914258,12.98138176,-7.524391322,9.900134052,-5.620090787,-0.893815063,31.03706884,-1.967410936
0.133615474,-2.109209087,-3.635504725,0.778348159,1.433325959,-4.357524373,-10.44050712,-4.321458173,-2.059737716,1.51079252,-12.41300168,-1.155837832,-3.252066249,-3.693353625,0.297587184,1.117316617,-3.866995254,0.833365603,0.126068299,-1.537900371,0.280137079,-2.473897641,-0.345236869,-5.684445562,-12.98719488,14.71720447,-1.285557614,-1.997907518,1.511198526,-9.411291298,-1.237933374,-5.956489606,-4.601875823,-4.893863435,-0.258127833,-0.480841755,-8.116015109,-0.817056665,5.81171413,-6.918549953,0.58973433,-12.05731891,31.04383678,-1.462264256,-3.974566715,-16.86200874,-2.216066345,1.363821853,4.697652006,1.481693601,-1.471039246,1.044260173,16.11350798,-13.00214957,-3.807242496,-0.538766344,-5.159880082,-404.7436923,5.871794531,-4.598479763,2.75837462,-4.189989728,-9.000048549,-8.169756365,-6.297379258,-0.828654726,-3.061809001,-0.843692854,-11.02405902,-8.384465714,-0.152697902,-310.8371272,-0.387302462,-4.661487988,-1.608370983,-8.193157474,-14.48902516,-19.89326619,-2.731853111,4.554926873,-11.93523709,-6.034234885,2.698361366,0.26338529,-94.45836813,0.982021763,-10.06729179,-4.730602768,7.5089745,-1.111711479,-4.747715374,2.307038522,2.298360164,-5.689026956,-0.179911915,-7.09322048,11.33597044,-28.86935416,2.884533123,-2.59046838,2.247534001,15.48111047,-2.340672753,-21.50215627,-5.326501422,-0.800669209,60.82922595,-0.022593516,-3.021974441,1.350724465,-1.343135875,1.8486363,30.05518624,-78.93140752,-1.807831203,13.96634131,-3.148890498,-2.156652964,3.112031792,-7.028965121,35.74867408,18.23940291,-4.137891291,-4.954096524,-38.37465201,64.03054809,1.4117202,-0.378589466,3.166476258,-71.65825728,-12.35998375,-2.549781679,-0.001722766,8.724941697,-2.761602782,-1.635389983,-6.482249786,-17.13228008,6.448623561,0.777301286,-4.827761458,-1.43624472,-11.98839267,-1.820928968,-8.056001223,-2.539270289,2.158591019,-5.573993206,1.992682311,-1.626525822,-2.773955835,0.761881461,-0.817590382,-2.250183184,2.690600156,-3.556566801,-0.826132328,0.729117509,5.109271559,-3.627092032,1.01655177,-5.561307798,8.148416846,-1.446770174,-0.137107052,-2.548134842,1.078292397,19.99351665,4.059094928,-0.502537576,1.289440356,-2.581549763,-8.67445171,-0.686705759,3.990936757,-6.250670746,7.478388651,-6.38591885,-1.603111466,3.157926863,1.085130426,-2.367368885,-3.988380457,4.021767283,1.623061257,1.404014076,-1.436938392,6.928198365,-3.560880565,-3.300061102,8.288234742,11.47836515,20.47819337,-2.968320335,4.090575006,1.279396275,-21.34200409,0.77275167
3.876120825,-2.662440249,-2.972908984,0.920646466,-1.400604738,10.34059348,-7.894974593,-2.81401494,-4.920319986,1.997046511,-16.85566718,9.435184629,-1.864159497,-0.419961303,0.16398018,-2.422730066,-4.179354239,3.068588942,-0.648567814,-3.936475136,-0.014399804,-0.585707921,1.996094649,25.66306676,-11.10306169,0.908695321,-0.138401472,0.848573315,-4.037700364,-12.89628905,-2.002171589,-5.138087656,-4.555626877,-10.80496083,-0.385079979,-1.261963029,-0.851622452,-2.522259091,1.716676214,-2.081931668,-14.06196788,-14.08453324,-19.63862095,-0.884040489,1.822136716,-5.646104898,-4.383255616,-3.841495274,2.979698793,-0.777365159,-0.098447341,-1.865605405,-5.080202465,-35.4688072,1.735219112,-0.368712397,103.1442643,-2634.660014,-8.79516672,4.110249061,-0.257833127,-3.08382495,0.489928134,-4.78317319,-8.652377206,-0.015425527,-11.01300641,5.870860746,-39.38741849,-1.321159282,-1.623393544,21.49546839,-2.007082494,-60.7706183,-3.311925591,-10.66856425,508.856441,-10.00225397,-4.095617902,-1.138206315,-0.639698983,-2.385841109,0.691895285,0.127943781,25.29439895,-8.410692023,-6.387491778,3.202257223,6.405457379,2.389270291,2.645408606,-2.394269902,0.963533706,1.031518116,20.76959092,-26.68767315,0.608769302,31.66233821,0.458622867,0.442586921,1.369520102,-3.950090608,4.135598591,-12.9287446,8.418974934,-0.602801297,1.61210646,6.527279609,7.491380528,11.28591223,0.617441182,-0.765088791,-14.22234141,-230.1932298,0.824479757,-6.017318873,0.462114214,-0.942315563,5.062343,-12.19206066,16.70243917,17.29973133,-3.814990456,-4.002301714,-8.515681873,-1.559616176,12.62246868,-3.60326284,-18.1489329,-50.73067331,-8.350217891,0.518147618,-2.017701767,4.095303218,-2.351697074,-2.671422551,8.158386464,-9.026267259,-1.699228401,3.79221581,-5.310414875,-0.58324936,1.779633329,-3.369803454,13.06516762,-2.034117622,-2.239937449,-3.70026668,0.472307038,-1.615605718,-2.617830698,0.696663154,8.041136486,-3.175966543,-0.496982949,0.056287533,1.704589591,-7.517455975,0.543612325,-2.240072872,-0.98095835,-1.152285025,-8.041837815,-2.466129032,-0.804762264,3.72636773,-1.192250358,-0.16624786,0.049809712,-1.109909255,-8.248725234,-4.769443324,2.421282985,1.504522081,-0.244939721,-0.831723869,-4.73926827,-14.81326441,-9.361706636,-0.199406717,2.583163605,-2.416166007,-0.703483705,-5.191437815,-1.223138398,-0.336183485,-5.296475259,-2.494107867,3.756642746,-8.377771087,-3.627206884,-7.867926129,-1.316643883,-4.649493374,-5.377611913,2.14319746,-23.82772982,-3.032090031
-1.499003762,0.065455989,-3.050620287,-0.059355878,0.860830766,-2.926567067,4.526845609,2.519041298,-0.769339,0.681500991,-5.432671197,-2.504907178,-3.204792691,2.132723543,-0.982104908,-1.72240916,-1.399499563,-2.080191037,0.442488768,-1.338893111,-0.62864999,-2.645803254,-1.145891139,-8.972577419,-7.944454796,0.288556479,1.647554808,-1.777294188,2.924446972,1.548967278,-0.998480764,3.073999458,-0.907841687,-1.732050317,0.487982562,-1.33582752,13.48968887,0.113839688,0.766695002,-3.333685784,-8.176386982,-0.852915383,13.08978716,2.106946416,-0.540052654,-16.91857178,-3.020607447,3.50816287,2.557067767,2.498619535,-2.158244227,0.972907765,-2.630973772,-9.340942572,-3.584174711,-3.34804525,104.3498332,-257.0060242,4.065774665,8.734962551,-10.501396,-5.289983814,-26.60282215,-4.49201617,1.206428408,-5.407026225,-4.010420605,3.894837225,-40.67195749,3.205110185,-5.289829346,-324.6620238,-0.367579303,4.065644463,-3.780972761,-17.05054227,1469.708507,-24.03709954,3.0387108,-10.80485274,-4.135367702,2.408379391,-3.209052083,-1.090938466,-19.06839718,-1.40171647,-0.967117339,-0.931109888,-12.69295496,-1.072407492,29.203706,8.786241817,0.591666269,-5.481009473,-4.793758718,-25.45999768,-13.51788216,-16.07369897,-17.03715095,2.181477065,12.35140753,-118.8550236,2.519203604,20.85862783,-6.221390614,-0.472430917,-33.82829343,-14.81103957,-9.895818058,-24.68886476,-2.208712527,-4.02817621,7.66108906,-195.5842197,4.887988529,0.657829511,0.925411746,1.441680952,-5.280774481,-17.54211395,2.567989678,26.11411103,-0.52763027,-5.972796866,16.62968917,15.18318844,-8.245128799,-2.306316698,-19.09532986,-21.09470938,12.37625828,-2.3139172,-0.9352479,4.242065194,3.575711137,-2.678700457,-5.009461507,-9.516806866,4.921744458,-1.381985351,-5.133061665,-0.167986061,-1.385002393,29.5493218,58.2499974,-6.627143459,-3.723428798,2.322180532,-1.663290259,15.53251827,-3.87126243,0.640191565,4.140762662,-3.044040732,0.384911175,-4.388034095,-0.98473321,-8.699762937,-0.006620591,-0.173646728,-2.054482536,4.004762873,-1.958047868,-2.481317364,-1.357129092,-2.72376249,-53.73954355,10.8344546,-2.825008209,-1.273251513,4.760160678,-0.49949845,-5.065936887,-1.51918477,-0.806717241,-0.987374373,-0.460432941,-2.220037631,-3.4885718,1.605937112,-0.116840486,-0.687108054,3.454448096,-6.083210661,-1.068372162,1.125480549,7.009848865,1.614469745,-5.985180795,9.532358967,-4.76273056,3.463486724,14.93297418,0.758638803,-1.085153893,-2.198784756,-7.927139374,1.299698582
1.616032782,0.736450996,-0.704735557,-0.221718578,1.128900099,-5.546894275,20.76385873,-3.502941667,-1.995321021,-0.541121772,-13.21997829,-2.00400788,1.368803779,-0.841235341,-0.148406135,0.661546387,-1.183010312,4.682227484,0.388305457,-0.541163431,-1.696294428,1.902837381,-0.362625701,-8.836847136,-12.33674032,-0.065323142,-1.384570493,0.338592993,9.99768581,17.98541791,0.482462006,-0.975512065,-2.472909863,-6.014764113,-0.399766892,-0.26526663,0.011083242,-2.674323682,4.973885156,4.693359646,-5.990616756,1.036436998,-7.611924739,-3.958127585,-0.327018131,-10.18562256,-1.086892945,-3.289067383,16.82777128,0.176530525,-1.940361964,8.409078259,-8.951905849,-8.875130276,-4.433688093,1.277055149,79.48792957,475.7403712,-94.53639417,-2.125582136,-5.114651361,-2.407255162,-15.8117983,-15.56512298,-0.17302648,1.570035979,-4.291197013,-8.829080117,-3.845226881,-8.557279747,-13.36134215,61.20872108,-2.80416649,9.429192369,-1.682343279,-12.43816911,-957.8083983,-35.28106701,-5.361024973,0.380176274,2.96127889,-0.239638848,-3.852221454,0.997046176,6.072167087,-3.186054367,-6.682952863,-2.465546955,-5.907020074,-0.61569971,2.257004674,-10.71418167,4.053822357,-4.00745771,18.92221049,-8.674704872,-8.487004308,-94.90701336,-1.299695502,-0.532952466,-10.10019577,-16.64787692,-2.277121079,36.60877906,-2.674212147,-3.06582481,25.65444277,-2.265909518,8.069167967,-11.04601476,-3.520082742,1.840231071,-53.52175871,9.359757701,-0.12761114,-6.427379552,-1.222665377,0.214819176,0.434322744,-9.974499702,33.81446852,4.695713626,-1.929511606,-1.16880094,30.31788822,-59.22455674,-2.19338745,-1.311978509,-40.50553816,137.8939367,2.924802158,-1.440905671,0.148225607,7.981935466,2.48961807,0.44345165,-0.963415272,-1.535780021,11.02710197,-2.527752608,-0.541304614,0.019099304,1.473560173,-2.53522951,5.696919486,-1.612337297,1.861847489,-2.665897795,6.970264433,0.185832992,1.023007988,-0.367617897,3.909749563,-1.157590183,-2.475080086,-3.492654577,8.824804936,0.039740532,3.213203997,-3.042641017,1.362546871,9.799699107,10.61888897,2.823075683,-0.720232717,-2.332835193,9.506667616,-1.052187779,0.797597257,2.473913892,1.18738486,22.17517759,-1.500791975,-2.802129308,-2.144726273,7.312149931,1.134482123,-1.922386713,2.458475785,-4.412413744,1.730617793,-3.446058081,-2.02139185,-0.535397713,-1.345678143,-1.766336287,-3.601123775,1.631854961,9.401374291,-3.731414227,-0.717644535,-3.275785097,14.42954205,-1.323455452,-3.312918391,1.117833679,-5.992329526,-1.458394505
-0.377947727,-0.841244047,-1.392093277,1.020358827,0.396867211,-9.218162586,-20.12892974,-2.712476479,-0.037039382,3.018148613,-4.181944285,-2.963002345,-1.465493431,8.685043058,-1.166912232,-2.19721912,2.081579654,-0.538926108,-3.269693756,0.46334015,-1.065800435,-4.028627982,-0.857749549,15.66077806,-7.313166633,1.911381189,0.320818806,-0.753400184,4.910457693,-11.38118156,-0.568004874,-6.718507696,-2.915064953,-5.85204798,-0.219453116,-0.179403678,-23.33506139,-1.92045918,-18.57133708,-0.852248027,-3.750377562,-0.540170956,7.425115489,0.002671381,-1.568228847,31.49011619,1.11143012,0.978729004,-0.96441271,6.276700775,-2.099604607,7.665136954,8.643794463,-11.81773726,0.611159319,-1.41024766,-66.69459637,449.3142407,45.45522193,-9.460395948,-2.349852874,7.030922285,1.526485788,-15.86911863,-7.57184974,1.055343749,-0.044328458,-0.460319347,-17.59667574,16.55972488,-5.553046539,14.48626786,-0.16211628,8.85008861,5.499885998,-11.50980911,-587.3995997,-4.014921711,-4.475263149,0.166638628,3.126026265,-0.46270202,3.733561282,1.799782306,29.31876824,-1.144812045,1.405450023,0.451955453,-1.160739594,-4.694539862,-32.23774543,-0.256142293,-9.189267836,11.87190052,-4.865949548,-29.89180517,3.969913046,36.80623314,7.747196853,13.4351606,3.01545607,78.12490421,-2.523855135,-59.87425778,5.932469454,3.502542761,-3.918853817,4.95846233,8.803371109,-15.1631091,1.764167216,2.939794302,3.456801014,172.4856588,1.21778151,6.149242095,0.467274501,2.351297859,2.166017262,2.757199705,-46.68084692,-3.760990151,4.450834604,11.56750567,-48.76032653,-67.7929174,-0.813360641,1.260809426,-64.05188251,7.637937326,-11.87434822,-0.386684357,0.048433293,5.75313268,-2.888542333,-0.767912034,-0.443238238,9.796493406,5.332024724,2.830882343,3.167198828,3.522593404,2.248257249,-1.011102138,2.95178215,-0.572343711,-0.674760972,-0.266174441,-0.848597475,0.186814919,0.646288323,0.57341908,3.67004444,-0.161452609,0.530139582,-1.801212893,-4.165636738,-11.12261372,-1.581553067,1.024099632,-1.06645624,-4.044944083,-2.287658107,2.460923209,-2.565716663,-2.602082533,-26.10796138,-3.389219667,-0.513590802,-0.337760719,3.782106777,-16.53818234,-5.772181125,-4.41600827,0.167157491,1.263551725,1.50281035,-10.84154959,-4.430755494,-2.719358637,-0.262442668,-0.140599411,0.422884915,-6.542706198,-0.154509603,2.497885549,-3.139329396,-6.92191424,10.33129149,-0.578010208,-2.419257908,-2.592661591,4.94501053,5.675766556,3.059316226,-3.625355158,-31.06937815,1.081749831
0.559454908,-0.486076239,-3.343254168,0.234935646,10.24547548,6.823352873,-4.00615074,-1.801987156,-3.721571737,-2.422019433,-10.94465031,4.482910528,0.840864932,9.826978064,3.853380363,-2.014210151,-2.090533266,-3.584305025,0.486079841,-1.489644791,3.795333239,-2.5771678,1.051183219,-12.78391497,-14.64168973,0.386670434,-1.457307336,0.087053563,-5.337975317,-0.764494699,-1.719825889,3.661294969,1.181936176,12.21515978,-1.404032236,0.768043116,-12.20063614,-0.399103744,-11.76604044,-0.996286886,-4.87117249,-8.027852853,-6.777817267,6.41818778,12.46405868,19.31271693,3.090322354,4.250807483,-1.930488662,-1.484635802,-1.152272598,9.023219558,2.453811976,2.898197607,5.538257313,2.700255681,39.25259964,1239.050738,4.43941578,-0.659356211,-2.353156869,-2.110536018,18.24599816,-13.59520221,23.54558721,-0.349746837,43.4941184,-17.17258931,5.30719619,19.57188293,2.69240751,205.0370236,7.624857082,-60.78641762,1.552720667,0.71788777,-167.2314426,-14.53634372,-1.838597925,-0.070410225,-3.007630493,-1.050467431,12.5663419,1.650499581,20.27692884,-1.107320136,0.472882385,-8.326836368,-0.488648256,-4.297522389,-14.28108266,-16.59826513,2.37825578,1.540250761,-7.187139688,-5.452689723,5.471603849,-117.5704738,2.532372524,-3.273694172,6.800758778,1364.754067,-0.503897774,5.11193721,-1.625698908,0.732951167,57.2056596,-1.294940607,41.9826247,7.886879002,0.46275037,0.314484959,80.48201569,138.9733202,0.309543881,11.79202958,1.646784879,5.042644907,7.598338289,10.16999086,-5.337972832,11.96457897,-2.556764349,0.16581556,-18.87051391,57.48557857,9.303143564,1.420642473,14.25317465,148.9730126,8.516590497,2.011680502,1.02451268,5.113723929,-0.329324741,-1.807233904,-2.982811445,-21.47087041,-6.379906809,1.595648805,-2.9675798,-0.619708617,-2.495726815,-2.812796395,-22.39601508,-0.229677944,0.447634275,-3.740751786,6.110121494,4.714902385,-2.743716152,4.515900449,-1.041313738,-0.062281599,-2.450596164,4.580496408,4.500787312,-4.038454777,3.576927724,1.99257734,1.131874318,-3.50264199,4.012079886,2.064567128,0.82122334,-0.344089599,0.806458436,16.74371252,1.631144891,1.639182072,-2.622000828,2.127796667,14.40517528,0.689082621,10.19506601,10.33032874,0.375697601,-13.1853467,5.069177777,-3.567739692,-0.181429916,0.920472034,-4.463432748,8.063616759,-3.129145879,-0.551421716,4.090778336,-8.692673018,0.958263935,-5.196955038,1.846378836,-5.226765534,-5.163538832,-2.004592114,-8.233713499,2.573755227,-4.055196705,0.059436048
1.493274052,-2.256290239,-0.114640896,5.035074323,-1.543885874,3.335361734,3.420419465,3.968358952,0.911442491,-0.471134363,-5.829485346,-1.111539037,5.870427536,3.033493908,-0.312329874,-1.79227709,-2.243393168,-4.641267713,-1.809922463,4.410639375,-1.801903627,3.693575076,0.103577122,21.32452249,-9.376249841,-0.137705886,-0.66107521,-1.414558432,-2.275800284,5.44638252,1.432493382,1.348651425,-0.021201215,-0.815182428,-0.749724365,1.714607854,-20.21234527,-1.105763184,-2.0230811,16.42789386,-1.376118746,-4.488348922,25.58680895,0.353310087,1.319910365,-0.910720642,4.090184343,-3.699937792,7.153156539,0.739633736,0.417219042,5.477435023,7.690310804,36.7118986,-1.506315701,1.464353361,-71.00648206,283.1464521,-4.907530924,8.864937822,-4.588221851,4.485411299,-2.501359892,7.043046924,7.662300198,0.226072721,-1.41471964,10.21935403,32.90872022,24.95616335,3.408271253,51.27862203,-2.46489564,61.92436242,0.487897462,30.26806155,-38.79786556,-8.991850051,32.15021081,-7.638106456,-1.84512345,9.025990896,16.14376455,4.261309819,136.9398111,7.668869379,15.30161765,6.851749391,-0.622136432,0.410321064,64.75337306,5.509270381,9.299247348,-1.346593164,9.798903069,5.4857874,-3.234022653,50.33912224,6.372605443,0.885599006,-3.247722392,-932.0312237,9.673869473,-9.242988942,5.246056667,1.900757915,-89.01955985,6.925585628,-24.78011167,-2.441585053,8.403255386,-2.05178422,16.03261822,205.1399601,2.194284117,5.205858088,1.178231522,7.362593424,3.668432814,12.66021841,6.362600649,46.21345612,7.099539145,23.37345392,-26.22683627,-16.91607611,10.75867878,2.66881435,14.9164533,60.93123024,4.808352017,0.371202199,-0.12603232,7.119889369,-0.472622596,-0.008438168,7.101540616,-9.733516998,-1.198144772,-4.893169521,-3.747775284,3.494564691,-2.746731503,8.592076017,-16.45299814,-4.193590625,5.450430575,-4.534962821,-3.766419533,-1.056397434,1.551694674,4.130415275,-4.730249716,-0.094170173,0.824470446,5.123714055,-2.228599969,-6.815613564,1.48820556,-0.160667002,-0.987590278,5.621304315,-13.89135925,1.910323415,-0.19978374,0.68168738,2.397275987,-11.41301719,2.05976012,-2.507763403,1.339782573,6.617408375,-4.645714928,-0.152803494,-1.108082179,7.370413123,-3.73199102,-5.918573525,0.788056317,-0.229227564,-4.098375817,7.912522972,-1.32504668,0.004415748,-2.944744031,1.477299482,-4.918281321,6.563466028,13.70383353,9.25364707,15.87885283,20.37699469,14.80596272,6.373420455,2.768011958,-3.542708052,32.64434459,5.006402655
-2.008743716,-1.562072053,3.082565261,0.909288497,3.403459929,11.73328639,-12.49516735,-3.497976356,-0.61535913,0.749555263,-8.149429518,-2.011208246,1.187922431,20.83635846,-1.205337428,1.467609003,-1.064295789,1.756351876,-0.384085739,0.659228981,-1.304861779,-0.552179673,1.834530756,13.52596165,-9.667918305,-3.037169237,0.36780584,1.436682414,-6.06814068,48.60405836,0.16630814,-1.606020489,-2.670875569,-8.217211544,-0.585607274,-0.233566571,-2.03336695,-1.046071942,-1.711574105,1.694308755,-2.811685239,-0.861847777,-1.964587705,-1.910283617,2.282722021,-0.295070358,-0.397939818,-5.8709492,-3.471923005,-2.573252683,-4.350865996,1.541936558,-0.642704077,-5.845334653,-2.754830736,4.614890353,177.3202059,337.6615295,9.669837179,9.281592843,-9.021225417,-2.169315507,-6.559533458,-0.112709661,5.356770216,-1.738793178,-5.887922252,87.13162075,7.858740129,3.530862039,-1.570392009,-78.95484761,-1.295405863,-3.140738556,-1.640807915,8.792981681,-49.7034393,13.28851814,-2.908760751,-3.390507313,-13.40398635,-2.451128935,-11.47427298,-2.777296111,-58.85778889,-0.452035531,-9.342319654,-1.941690991,22.16957802,-0.250121512,-59.28943631,1.915495538,0.471241418,1.41054464,-3.917587378,-19.58372428,9.441998212,14.86910047,-3.273059702,-3.803845599,-5.305320258,-27.59762369,0.506378459,-17.37595993,-3.092899822,4.20439284,-22.18619507,-0.256560753,24.29780598,-10.38226311,0.174322258,-1.152584689,32.77118471,840.9329505,0.875475063,-4.593040906,-2.001658988,-0.005894824,2.320685519,1.238095074,-9.776252675,16.85321422,-3.394501778,10.68371051,10.64309047,86.30057168,6.939447365,1.674233951,28.46957992,693.6766251,-32.75224524,-0.598379763,-1.855034538,6.801713421,-3.193792197,-0.366089567,-6.177379449,-3.040983731,-2.065423164,0.718251058,-4.269863917,3.423591897,-5.224509093,7.706527682,-21.63840483,-2.362267345,1.911435756,-3.326396421,5.690051486,-0.995966469,-4.21729289,-0.902305927,2.383394114,-1.625566365,2.896686529,-5.954339658,-6.803287802,-6.271367177,10.56595753,0.957363291,-1.709397602,-2.830354823,-5.571443748,0.437728076,-1.674278572,0.87139003,6.780795409,12.78994886,-2.570961152,-2.373052917,-0.814155406,-3.454481057,8.026653786,0.463464637,0.541470615,3.493662621,0.467970801,-0.541277703,1.372840522,-1.692789018,0.021053601,4.038405028,1.295122903,-3.535817675,0.789802263,0.523380203,1.884556322,0.25828972,4.805607606,-5.085698211,-2.940281884,5.320999889,19.31836714,1.229504116,-3.821559151,-1.332006994,-51.38219579,4.306709899
3.973334437,1.881507573,-1.639329933,3.954955073,2.455631773,6.695155532,2.230828225,-3.084895087,5.573107228,0.194676323,-4.659827368,-0.559120782,5.099192971,6.540964981,2.683217217,-0.889324849,-3.466413843,10.24027473,0.673009195,0.103471432,-1.406513074,1.103056943,-0.902050971,-13.5881207,-4.16795357,-2.390120184,5.244455679,0.030311699,-2.440829308,-27.17961065,-0.532110816,-4.097245914,-3.508535562,25.94901683,-0.809785174,-1.045184933,-6.306359134,2.399739688,17.09593267,2.402510984,8.626025577,2.067579107,-30.58139669,-4.997048411,-5.100736284,-2.833018885,-4.294340151,-3.810478455,26.26325276,-0.2006143,-3.755762965,4.185580184,-7.304607572,-5.240597499,1.659898226,-0.765044657,108.9993009,-2965.440493,25.06880672,0.039224142,-2.550288295,-0.249391596,-11.83874366,-9.5107609,2.959119127,-2.000585397,-21.50384203,-3.331087111,55.46017406,-13.96030622,2.415044546,35.89771461,-4.836622725,8.202317759,-1.391587125,-7.178680577,-6.20264985,9.747642024,10.4062191,6.819875937,-6.696694263,0.203965583,-11.41969138,-2.958332297,-119.6864504,-8.610578561,-2.952554491,5.688277913,2.080796841,0.0069049,44.58482653,-0.327426351,-6.930603935,0.42631317,-6.254215725,-2.765859523,-1.879772058,303.8840053,1.603934028,4.298168496,-8.18821066,80.89278793,-2.165525369,2.347853649,-1.712897484,3.008381917,-14.36740781,3.505035524,-34.60985343,15.44505212,-3.737171299,6.912279493,-20.580933,-1064.696632,-2.685671029,11.77984063,0.268082084,0.066573274,5.823379727,-12.00506903,-5.287900753,23.53434353,1.619076112,-3.594591843,-17.20341753,175.7616631,75.45603348,-0.645025166,-8.018955875,911.7113397,-13.88673771,-2.639053053,4.092398111,9.738061352,-2.523894921,3.325118887,-8.104133892,-13.69733091,3.317709327,-0.348848136,0.090705306,3.042368783,3.854131845,2.413515661,40.84428985,9.74303262,-1.424040425,-3.198994828,5.768738623,0.983349614,8.197887593,-0.967895046,0.893216353,0.284553113,6.585828805,6.606454684,1.514618192,-7.027063063,3.766108525,-2.116216251,0.486278914,8.215310108,-9.762811512,0.356330872,3.39536359,7.821085716,-8.616100688,22.03376865,-0.894731163,1.159051615,-6.842709841,-6.698798985,0.431031051,0.936583152,-4.194189187,-0.213086689,-2.340717428,1.000725315,10.5662652,-1.454919481,0.693239187,-1.000052646,-1.413469373,11.07739776,6.227672082,0.852813705,-7.880687009,-6.790207889,2.233478195,-4.40720275,8.549704358,-0.40193054,9.297115258,1.180590617,-1.076196927,4.601353354,-25.40133911,0.690571399
1.823768397,-0.76236038,-1.316227153,-0.340621991,0.418604931,10.52236046,-2.468418512,-2.378432186,-3.092667607,21.70986383,-1.007456325,0.003509003,-2.168884205,-4.172524545,2.430531679,-0.563204578,-3.56381385,-1.82244814,-2.413211488,0.822728099,1.953654739,1.177404344,0.972772016,-4.786007974,-4.380808428,8.609589581,-0.631048997,-1.630936555,-4.143369652,-9.167063426,1.013363189,-1.456287638,2.194226197,-8.251516572,0.085907378,-1.392541286,-1.103264288,-0.948351043,-12.47800612,18.92923116,-7.818260017,-0.090465839,1.184255059,1.477963219,1.232853851,0.543539632,-2.912548184,-6.031727642,-3.646354482,0.500175318,-3.675013508,-1.250138381,-4.358589048,6.136412706,-6.978628486,-4.693457981,-93.75506515,-4851.180521,40.62531408,-3.935533071,2.44891446,-3.395008431,-0.300756157,-6.318846323,-6.155467291,0.432346378,1.543966685,-15.66935328,-40.94236947,-12.95630562,-6.489962794,-288.3303554,-2.46453359,-0.860384411,-5.161069539,0.893778257,-62.86707277,-10.41950564,5.083124316,47.66209463,-2.279685877,-2.282003196,-13.2574947,1.543879724,-31.47421987,-5.184776792,-1.710812033,9.994165797,12.0347392,-3.967730685,-114.1915622,4.118368569,9.237865676,6.049607956,-4.860019008,41.71431217,0.656901493,-420.4421624,-4.281078955,-5.071149685,-4.590905329,-219.007846,-0.572287356,3.64362835,-4.791648697,2.19630134,-27.92522057,-5.993622186,-23.36627523,-20.86147826,-0.503007334,-5.243737575,-73.48867215,-1172.654641,-1.072998767,5.488508101,-1.124422392,7.622838425,1.682052637,-20.51424202,2.943731773,14.11570392,-6.146871992,-5.480077754,3.843564546,-138.5863542,-12.48261864,-2.763367519,-47.58350164,-661.3411492,-13.45235612,-1.154887566,-1.065246039,6.093167461,0.536713383,-0.624794078,-7.793708847,-5.707306617,12.00092809,5.311830482,1.661799798,-0.252034542,9.166562727,-2.654867367,18.33658315,5.929422853,2.653026015,-4.207501863,-0.640521963,0.263869368,-0.452515383,-0.868104824,8.083157067,0.34723223,7.517243527,-2.873942513,0.011139136,-4.462189185,-0.607719264,-1.176672115,-1.925115618,8.246164619,2.268260051,-0.749435818,-2.88040321,0.932363912,-22.34731718,-14.69953214,11.49396738,4.864077398,4.934306903,18.68466661,8.028192106,0.542228342,-0.101242141,-7.111615313,3.795300439,-13.18203926,0.329104159,3.660491466,0.976429109,-2.93296242,1.313438405,-6.383433724,1.826973889,-2.502672765,-2.905225077,10.96542486,-14.49376407,-3.973162691,0.695589952,-3.497099939,-7.743405346,1.286355415,9.358998978,4.65735141,53.36799607,-1.113116763
-1.477216433,-1.068289481,1.054727131,0.00705024,-0.293297552,-8.286064588,-5.409655753,-3.004673039,-0.748188939,-4.588995991,18.03552176,-2.67238591,-1.149081576,-6.612122913,0.716943889,-2.184820121,-3.235788823,-0.662735072,0.284419764,1.224506115,-0.458886464,3.333950708,-1.397917466,-13.09600103,-8.428690274,-0.583270097,-1.411918004,-1.539420824,-3.781476038,-7.111391251,-0.784030102,-2.141577282,-3.265343606,-13.91822543,2.837301119,-0.299436505,5.072838357,-0.06968535,3.891778222,-0.069957487,-13.24308772,-4.268260961,7.497026439,1.085189789,-1.318512959,9.138308884,-6.655485634,1.958954806,4.716332845,-3.463155332,-1.012906256,36.26882776,-8.34267026,-19.05729045,-4.474448055,-2.214626955,-78.06147214,1140.195755,-18.71382664,7.307945717,0.352549284,-3.321354976,-14.72830008,18.09053912,-11.1314896,-3.395496367,-9.609161707,-16.49749275,3.022974746,-9.317572729,-6.859047403,-23.81741715,0.148541863,-13.07874846,-4.508135303,-5.441492688,-5.022711619,-21.460724,-6.653044363,-7.728299438,-8.860002571,-2.973891143,-7.958381045,-0.36958434,-1.049816062,-2.259871192,-4.991479086,-0.716491662,-3.128939383,-1.685991839,20.27558911,-1.823314126,-2.908369604,6.633619781,-3.599819116,-2.304348427,-4.994350541,-151.3708576,-6.937950607,-4.551860472,-2.901252798,-44.87774674,-3.011031572,-24.57231409,-7.179463577,2.247970831,-0.423227535,13.21744167,-7.679638477,-8.485754091,6.333997662,-5.139833501,-53.72080426,-37.51380052,-0.837030367,-6.670905489,-4.09280198,-1.416045978,-3.871710688,10.53422621,-1.668669303,8.721706265,-6.061165292,-0.008800664,40.87186387,-167.0644997,-33.1575546,-2.62063369,-13.58695332,-455.7204071,1.163121931,-0.293031807,-2.038135444,6.406323675,2.026931911,-2.663204153,30.17149145,10.59270727,4.144209404,-2.296391839,-4.085703859,1.788544925,2.595560832,1.668160281,-9.902672725,3.879046993,-1.630283737,4.032549818,2.694975031,0.120305554,14.31787768,0.173275875,1.2591318,0.47030856,-4.044216579,1.200497128,-0.763743492,-11.6617393,-3.538487347,-0.872431128,-1.377756642,2.704507504,34.04430423,0.499465677,-0.689812175,-0.643492087,0.125820548,8.101263369,-5.307674824,-2.804402176,-1.941266428,-27.4311443,-7.90146909,-3.627751005,-1.646228833,-2.454788937,-1.963445523,10.52212015,0.129879447,-3.082304577,-0.15823333,3.729162649,0.141875422,2.768852595,-2.640437528,0.384653189,-0.972870796,14.02741751,4.631477865,-0.539593511,-1.97878421,-4.128276877,-2.39966362,-0.217871288,8.870649781,3.266283631,118.8549834,-2.427427753
0.316441068,-1.610415357,-1.650643777,-2.265454978,-0.943183998,-15.35414645,-8.914500811,-1.04762321,0.56371383,-0.45665619,-17.53224922,-2.50588305,0.668593075,2.112102795,-1.294148483,-2.154397191,-2.794084474,11.39869144,-3.262842129,0.087118921,3.021313368,0.340153543,-0.856036314,0.764058056,-4.607333641,-0.163010509,-1.714215507,0.528376185,56.6461434,-13.84945366,-1.434793158,-3.704854993,-4.004043632,-8.960942763,-1.031743075,-0.157683515,33.77877818,1.208645293,-15.26208865,-2.340602493,14.92120451,14.17929709,-12.41743323,-6.725936601,-10.85254717,0.666400089,-2.101365833,2.509539136,-5.248407105,-5.780244712,-0.323065366,-11.76791166,9.530126655,-10.51188157,-4.48006358,-5.420308818,-94.22495505,459.6676875,-27.82071229,-13.85591934,-7.272300099,-6.081252744,-19.42943422,-17.05225415,-17.54278713,-1.813225687,38.35522294,-11.20444847,-52.3935361,-5.751524875,11.13641697,-55.64642957,-3.175369613,-35.89670007,-2.429691183,-9.745425609,7.915656371,-8.286172874,3.413602131,-2.350690854,-8.735363948,-5.485062354,-5.584914921,-0.427056884,-13.93622486,-1.017594751,-6.382785596,-0.961934472,-15.57611858,0.676220723,-14.39773518,-7.110051923,14.36098979,-2.193211256,-6.214057707,-26.70334963,-0.041772715,-11.65917984,1.149341077,-1.461681352,13.1515726,78.21435414,-3.486637581,-49.9663037,-7.960844094,-5.966955093,-10.97808775,-4.676374184,2.585752385,-13.17557609,-0.501857507,-1.096612168,-9.77779895,194.0915399,2.329069418,3.248575872,-3.509485041,0.152826487,-3.878243383,5.102970268,-39.45698114,0.699528488,1.388264765,-16.14068749,-34.0841289,-144.2223888,-22.5451952,5.205799414,-8.515867896,-344.5617473,12.72413437,-2.611335272,-2.071512154,5.786188231,-3.925284561,-0.914519455,9.708396331,-15.21069175,-0.231428409,-2.057476711,-1.148285624,1.371852284,-0.74197856,4.687697014,-41.7167341,-1.59307045,-2.66281304,-3.25970206,-2.378137268,-1.135462679,-8.831754602,-1.952071619,-7.63125308,-0.836077169,0.113879205,-5.755096653,-7.606844346,13.18668471,-4.745690416,-1.02358398,-0.572452362,-10.9389314,-19.63573606,-0.753516282,-3.739551982,-3.095919776,-26.76374306,-5.401750185,-1.995667567,0.246935015,-4.017385674,-1.529268619,0.982103441,-2.001497502,-0.708073008,2.727734456,-1.973853318,-0.555308125,0.708013524,-2.200421545,-0.338708904,-0.566434472,-5.26304667,-0.872602294,-1.687500565,1.191252559,-4.343886056,-1.145423149,4.061091865,-7.883709006,-0.950477092,-3.328813056,2.635301463,-5.386182502,-9.860141963,-1.121028815,92.04068022,1.602585312
8.527510288,1.611722544,-2.167164914,-1.03070169,-1.515309648,17.9954389,2.89001516,-3.821522377,8.613404002,-5.846386993,-0.886678747,-1.17322066,4.374365984,-5.966822213,1.361879233,1.106690754,0.991145527,0.77453219,-1.917096943,-1.067532259,-1.701404714,0.678023423,0.844737996,-7.156827628,-14.01906725,3.078523441,-0.477753263,8.103109946,-5.459869367,8.178164276,-2.527545055,13.0797372,0.036823028,7.474648662,0.512169714,1.571104831,183.1117771,7.872401039,-3.872494223,3.410943824,30.70001625,-12.43677048,-23.752054,-3.674252266,8.515329096,5.409600617,-2.952749234,-6.080515948,-6.846483636,-3.986015248,0.30093515,-7.076329993,3.190331462,3.323330308,-3.254172448,0.076097071,-25.80260788,1122.417159,-21.00232878,6.128946245,1.006556016,0.8593726,-3.964215516,-1.752646988,8.11552749,-2.199705548,-10.44431339,13.20496118,-43.07856817,-2.342069945,5.528807283,385.1700881,2.767498477,-64.24332157,-1.929676034,58.407905,13.46071257,-21.4836301,0.419858114,-3.810050144,-2.105351142,-3.046344594,-1.681152354,-0.476232962,34.35366016,-5.726269661,14.25781826,-7.594041956,-10.17212846,1.786807091,60.11575258,-10.50375294,-6.967467582,1.751842989,-6.17459387,-4.955981544,1.675735735,-57.08555607,-5.114671649,-1.746291605,-5.077511976,-31.39281388,0.252400758,90.23743156,-2.163382372,-7.95017977,7.602284396,0.593521343,16.30781094,-3.70315549,-1.129449123,-1.634372679,72.87626553,273.7491025,1.299136722,6.181409488,-1.42830644,-0.7470429,17.00111547,6.207367411,-13.66043035,22.44458243,-4.2092523,-14.9908814,-1.200597663,38.78459382,-14.11869855,-2.949275057,9.924329621,-378.7811565,12.12496618,15.47347376,2.096834573,11.67650433,2.146957837,4.27513608,-5.183855604,-0.948963606,1.132481105,-1.639064379,-2.766738789,0.717303514,0.223610124,-7.965902277,-19.0008088,-2.649466387,3.905924266,3.313559397,3.175718481,3.886074928,-1.147285715,0.236356466,2.383327511,-0.582323915,-4.676930442,-2.676141659,1.461716907,-11.60564612,3.036965099,1.205479665,1.719514034,3.578743162,-0.207680853,-2.735452106,4.178001053,1.37804315,7.564303937,2.603272939,0.630718948,0.010897179,3.593557062,32.03606412,7.41152545,3.890006592,3.226710426,9.365833444,-1.176245778,1.679305097,13.43884313,3.777111833,-0.406348954,-1.781319979,-0.503849061,-0.410195992,-1.721509781,1.005931439,6.635054973,-6.922813215,3.529464177,-7.387416861,11.01122083,12.66528383,-1.234826249,-2.831182529,2.05375426,-2.304909373,67.56426507,-1.760529368
0.332999256,0.536561709,2.596665001,1.732291819,0.997210114,53.26334174,4.091231309,5.017014882,3.640358013,-5.231114753,-1.361501736,1.964745729,-2.980795602,11.56183249,2.030471283,-0.859330047,-0.699460473,2.540327258,1.144147398,5.68935175,-1.053214667,4.280666257,2.527406259,4.114075613,-5.667478977,-2.339830214,0.821701789,2.834539756,-3.584801191,4.987227466,0.936330188,-2.582082905,-6.103703778,0.228258948,-0.633821666,-0.817478548,121.4978558,-0.870761872,2.793767085,9.482543122,-3.239629157,-8.405731729,-7.701303777,1.618386899,7.331285864,16.17069082,1.143751299,10.36819467,-5.518884594,0.531415558,-1.808891609,1.757090538,0.300846166,10.38487115,-2.196007842,-6.120930629,-76.77367637,626.2545688,5.994403184,-2.539309624,3.527473656,34.51552376,-0.3302627,0.164282147,-2.21475377,3.527655931,-12.16802923,18.13246591,-15.10151953,-6.306950852,5.189373157,-42.76037386,-5.166499645,45.7824484,-1.951286448,-13.58066878,0.870969451,-36.99424861,-5.780924306,-5.245047502,3.976350844,-5.999369596,-0.718083707,-3.857186105,50.17238068,3.446937892,-8.094667282,-3.032611779,-2.207876149,0.41863824,-45.25013064,2.853676457,3.472592083,-5.519035448,2.116900014,32.00685582,-2.971739859,23.08673308,10.27026429,-0.860012807,-4.865451226,16.70092934,-3.463318691,55.93520717,-5.212316487,-3.140054647,-39.832814,-1.564853072,-19.49975709,-11.44825325,4.070302987,-2.63701288,42.38418867,15.74930743,-1.873690317,-2.221561404,-5.957114173,-4.617522545,3.959922479,-8.380487649,27.58164596,31.25918825,1.179352904,-5.81913607,4.809299069,-79.56640056,-3.050061569,-4.264935155,30.82982831,-136.0772261,4.211007436,6.339724212,-1.141611084,9.309771975,1.558980859,0.934965776,-6.28017944,-25.37485425,-1.221422408,1.619891996,-3.533958722,0.683757813,-2.581637379,-4.548619334,-13.1802643,-2.642593232,-2.522921752,-7.038878442,-0.346894903,-1.928553949,-6.306034476,3.094840151,-1.401501277,3.336206316,-0.188241221,0.493396439,2.814384379,-4.352567551,-0.114100699,-0.912677478,0.494955038,4.189595679,-5.28115272,-1.736269681,0.867872951,0.265982097,-0.528707857,-26.25709329,-0.514476135,-1.169502004,-2.73221318,-18.74702843,-6.303713989,-3.130957521,-1.900456859,16.38497277,-3.358673492,2.222725603,-2.89740537,5.564125139,-1.404648156,-1.005867285,-3.494787985,-2.199791177,-0.665377096,-1.184488493,0.3643523,-6.387074863,0.155331601,-0.387914692,1.860624199,-4.441456656,-12.31980738,-1.84368302,-16.50931954,2.494289681,3.618449564,1.285836927
5.716868528,4.072867532,-1.685918887,1.450191018,-0.43504495,-16.45779254,-10.45643583,-2.574689724,3.188373415,0.218893759,-3.530427844,5.246420188,1.165898176,5.884616963,2.722710895,-0.883379592,-1.207462472,2.302158263,-1.708173392,2.812398718,-0.675510331,0.754488049,7.123222232,30.10113401,4.958150703,0.024658067,2.553682427,-0.627170125,-2.668679729,7.843958543,-0.681477376,-3.502702724,-3.058721292,18.83296264,-0.622240865,1.109798491,-88.20934812,-0.656696937,3.624008273,-7.074618238,-13.27301528,4.203089702,59.57002866,-4.272108984,-1.588758043,11.5532208,4.163533952,3.952106882,-6.196507654,0.564024534,-1.034870887,-0.994383413,0.516402886,4.626114858,-0.076433929,-1.913902262,-1.38405104,123.2302396,-5.071137857,-7.327186731,-2.343580317,30.27260533,11.09514822,4.628438874,20.09721194,-1.505096849,1.490094438,10.80709542,-17.82323075,4.726037789,72.65104776,2.103588262,-2.644023598,8.517095563,-3.976847284,44.76234952,-7.569503054,-17.65460453,2.075196833,-1.227311722,-3.995561509,4.611813663,-1.483469822,2.440737423,-117.4624103,-1.633920394,-5.61648293,-0.992128651,-5.424120497,-4.940669111,12.90422167,-5.504364694,-3.037082703,2.421947327,-1.225154076,1.515977548,-4.556148399,36.53815545,-0.607728919,-3.491299573,-5.733154576,111.5613575,0.574181817,-11.75416306,-1.141991482,0.638923792,13.96475663,1.631377315,0.166916143,-12.42033939,-1.366942955,1.239860647,93.55301016,148.2492883,2.063292372,2.076763733,-3.912818097,-4.791436743,-0.52306984,30.69660828,-2.285195386,9.438928998,-2.471658258,-1.610114812,-12.46185286,82.18045583,11.7586473,0.470307244,11.66933972,-76.62059764,110.036085,2.133618212,-1.837207457,5.688061695,0.651226818,2.512183725,-7.447944253,2.179205133,-0.079565457,2.20957249,-1.993656501,-2.973560448,-11.1259529,-4.507072567,6.468400649,1.004451437,2.018834859,-1.865481685,2.94049043,-1.889822798,-4.567943371,-0.872245625,-0.336785569,-2.883112685,1.97415814,-3.205304156,-7.108777404,2.904792466,2.370123038,-0.750509559,-0.414699084,-3.788698016,6.619595702,1.324263384,-0.735626925,1.448311985,4.930539277,-2.750599234,-2.232552461,9.307186465,2.72509095,-12.84268099,-4.002413443,-3.703860994,0.60025983,7.975989309,-0.638169706,11.36519584,-1.275787498,1.949145854,6.832255661,2.394116286,9.496102438,-6.154256725,-0.321585176,-2.894208944,16.71788208,0.161548496,-8.014144634,-4.085384836,0.066087118,5.164711592,-2.150401041,2.293626752,113.4208981,2.857920395,-32.05469497,4.489015336
-2.946667885,2.567511705,-1.084003574,-3.199099331,-1.625099415,8.36334463,-6.367040346,-2.788643594,-5.582531622,1.910863958,-2.870819979,2.250294034,3.196906213,21.64716172,2.08213548,0.93773055,2.24836796,16.80420658,0.806703343,6.304847297,1.883564624,1.206620817,-1.005472334,-19.96202838,-2.688108425,-3.346576041,0.837143358,1.772439546,-2.217766309,-4.700780753,-1.501794823,-0.682095437,-1.192415256,18.01005373,-0.661565499,-0.135180005,-94.33924222,1.418855665,-12.75155914,-0.484039215,-2.802555518,-12.29986003,14.67739537,9.034716729,-4.543373277,-17.30991807,0.153582844,-5.37088449,-2.967844944,3.527057007,-1.223257849,-1.723988743,6.171175294,2.572909779,-5.737780061,-4.456255252,-28.72593368,-2869.91582,-23.97534838,-1.697320991,-6.451886114,-6.322043094,0.053732345,4.489050246,-30.95155402,2.062478141,283.7364691,-4.697787475,-53.24491269,-7.732765653,-17.92696099,-64.20598773,-0.946100517,-52.41637493,-4.73193488,-19.96872578,-44.19497659,22.90188928,20.29195932,-5.28284495,3.241373765,-1.234092636,-4.87615036,-1.638599051,-12.3848192,-6.643069001,-5.754642655,-0.098973443,3.25670498,3.807750755,40.47589021,8.542389754,-13.43824972,-6.785326118,-2.937650897,7.163790876,-0.463936378,-52.09896016,0.914027664,0.48015717,-9.702157143,-71.25848535,1.084952432,54.90599387,2.829511096,-0.287334915,4.516667763,-12.13737187,-7.612209944,-1.297586481,-0.499658777,1.624356617,-108.2431561,-273.7575499,5.278203314,2.97698773,-0.904095016,-1.036954811,-5.637338539,-10.4357299,-10.41951668,-5.477160843,1.226487892,-10.00757658,-3.076191681,-0.87281299,-9.980074526,-0.729136861,-16.50310412,46.49784624,-119.9056021,0.776912541,0.109470416,7.638811283,-2.553458888,-2.794715498,-5.229914863,22.55626854,0.49513746,-3.279735735,-2.724793526,-0.909578656,-1.041597679,-11.58525409,-8.151227721,-2.960380751,-2.253878912,-5.640720506,6.329802252,2.949502332,-5.915527703,0.056153605,8.017415949,-0.611177662,-4.207503961,1.164808579,3.644822607,-10.03419935,0.120130589,-0.671997417,-1.337294138,4.215614314,-9.00460708,-2.471155538,0.369143325,1.410964309,-1.001120921,17.77160214,-1.209824779,-0.267583615,-10.59515247,-28.80703328,3.114545254,-3.034841472,6.191747508,-0.222350229,1.904084485,-2.039574628,36.21720225,-1.746113222,-1.285780902,-3.946442437,-0.64192677,-5.794832399,-2.387849552,-2.650348855,-5.50094418,-0.220529927,-11.17109725,-14.40830514,-2.505984527,-13.19725375,16.28990152,-9.352738436,1.172258141,-4.56686428,-42.46770553,8.421734196
-3.63211816,-1.186569785,-2.874697435,-1.260758687,-1.734145349,-10.24929546,-5.360867936,-3.189195255,-1.930941204,-3.059126712,-16.48453629,-1.36442443,-3.158097228,-8.424424366,-1.530243691,-2.004294991,-2.976257262,-3.34245941,-1.624958192,-1.034152789,-1.401849584,-3.798022121,-0.273105098,-4.228498114,81.14766791,1.078938566,1.412498934,-0.983102021,-5.132729902,-8.298548867,1.971815421,-6.320954914,-3.651955093,-12.85074438,-0.249238995,1.501333117,-45.63972157,-1.577084115,-10.12353329,-6.607192422,12.89983041,-1.812436262,12.31860337,-1.31172441,-2.606540752,-18.46482917,-3.728656249,-8.619454544,-0.409448035,-2.349598726,-2.817521049,-0.505312769,-3.193099083,1.110188783,-6.306061845,-3.973110855,-16.60734972,-427.4659197,32.0734894,1.911326983,-1.1078567,9.373753428,-10.01626225,2.418071073,-9.606438183,-0.1917376,-20.97985659,-16.48585339,11.23971642,-2.862013687,-18.81067825,-145.7328022,-0.932912918,-16.02951547,15.01501686,44.43483675,43.54986623,-31.77330392,-0.538387819,-17.50733493,-1.113662618,-2.305992574,-11.88726426,-1.346915972,-14.80770859,-6.185815046,6.765262376,1.623725995,-14.31636159,-2.107353364,5.263667606,8.830548766,-0.789349373,-4.179935791,-3.104957014,25.13882504,11.42642548,43.46356937,-10.42158189,-4.57357271,0.1000522,-251.3017404,-1.497140764,-36.03024287,-4.687287896,0.174206815,-24.72406415,-7.08674093,4.348385117,15.91976068,-5.358999243,-0.840710224,-50.54445232,-321.721047,7.385703425,-2.006096445,-0.239187175,-1.458228006,0.087772106,-13.12314717,-5.926537568,9.762667754,-0.772021162,-13.21397353,-16.55603306,67.80841691,-2.550819218,2.419421853,-29.00193977,57.24033645,3.937701411,-2.218308465,-1.865141223,13.80724155,4.692018619,-2.762074885,-7.95730659,7.133373898,37.17371628,-2.053307017,8.433683219,-0.212628262,-5.956705448,19.12817278,-11.19847185,-5.375227329,-0.229747604,1.701235593,-7.164334367,-2.087693938,-5.580234942,2.080529464,5.236226293,0.293738922,-0.9007278,-0.300805418,3.493170158,-12.77322699,-1.330648202,-1.710534913,-1.335632732,4.840068843,9.536847748,-2.387393275,-2.120551759,0.13399779,-14.57037467,-27.12945364,2.709919153,-1.349882511,-1.873503827,13.63878599,-1.932336789,1.222963623,-0.196540743,0.395721546,-1.008573293,9.850024466,-8.808091272,0.380202205,-0.627947164,2.962211729,-0.294015487,5.344523529,6.380314275,-0.997915725,-1.000861243,8.6089446,-12.75480148,0.220755996,0.682064139,5.345463622,0.094816913,-6.423688709,-6.36448952,2.414654646,-6.846951564,0.092903533
2.669090279,-2.555373196,-2.843701889,-2.786259851,2.617457107,-7.38227097,-2.764395795,0.914139268,1.769534232,-1.913412387,-10.31999965,-0.868457885,-2.227050141,-2.420237326,-1.008693257,-2.745497442,-7.007826715,-3.364086344,0.908305825,-3.584638306,-1.626689082,-0.527073231,-0.627279702,-9.765222563,-10.69572574,-3.53817523,-1.652788288,-1.068400147,-5.193944014,7.482746227,-0.910758417,-4.01531908,-1.763538773,-4.726945613,-0.617256418,-0.580279449,11.58752388,-1.484049175,4.045905626,12.27214843,10.32913965,5.272047566,-17.43648493,-4.768139002,-0.247720539,5.560895087,-2.463810545,0.065930141,0.753018086,-0.950694488,-3.66143095,-3.511697341,-8.513061802,-2.35191604,1.106769913,-0.984259491,-67.27905664,-276.7254944,-16.14407336,-0.408981468,1.25439797,0.797191655,-2.746703033,7.078109351,-9.77886408,-5.179763431,-17.27676377,5.828733515,55.94545376,-7.037118827,-12.37200734,-45.27423216,-2.530268283,-9.182045666,-4.490109245,-36.88131457,21.29239654,-14.78463035,-2.14661946,-5.745451402,64.26796204,-2.823875208,3.021421429,0.898116835,-8.495764495,-5.182163665,0.887192046,-1.166790357,8.923486574,7.297111593,-2.288996864,13.21425209,-1.422430334,3.329253119,0.667385901,-11.98827898,-4.858125641,-123.31728,-2.132464892,-4.120854434,-2.189345493,23.46245684,0.005443061,-43.25676971,-5.790645094,-1.481225069,12.42797349,1.027329352,-14.93732206,-12.83616497,-1.147686257,-2.743508304,-62.58229417,86.2362921,0.646407059,-3.662631097,-3.931028774,21.89643409,-7.089141083,-3.042829165,-5.810187734,13.89316642,-3.874978877,-0.953418571,8.000284088,-88.62019455,-6.32074289,1.978176079,-4.719048117,-233.5019059,2084.428929,2.915239556,-0.685388977,8.115718548,1.344497128,0.456688771,-8.023571973,-21.80436975,-0.212401718,0.21270576,-1.316626193,-1.102326984,-5.989464916,-9.395327332,-14.80113821,-4.554134939,-1.138263629,-1.465231595,5.26106234,-2.001084603,0.176792346,3.023464894,-2.487006149,-0.575448367,0.348647192,1.098326983,1.255371077,5.959395022,-2.136343988,-0.4676708,-2.031749109,11.36040331,-0.894517275,-0.112101781,2.449793401,-1.663197279,15.43037663,5.902669579,-3.287373454,-2.329014217,-2.997695604,-4.489369162,-1.529151555,8.089285901,-5.335029598,-0.112285062,-1.023723103,0.057506703,-10.50299016,-0.805877044,0.387033849,1.005595437,-1.31335107,-2.90716737,-0.84119435,1.063882047,-1.004101431,5.652043512,3.447106297,1.161699023,-3.596002066,-6.072915617,-7.107507583,-4.463418835,14.21245015,-3.574542982,-5.505071368,-0.582558353
2.904781998,-1.770146066,0.042008142,0.060804237,2.061004467,-22.81891971,-15.3405441,-3.205312679,-2.150419672,-1.492145487,-10.24219369,0.210660932,-1.443485973,3.59353367,0.178260616,-1.020429354,-1.716473733,-0.101588605,2.733385264,-0.899135918,0.086161256,2.22778228,-0.060831025,-1.742341782,-0.784998383,-3.200638419,1.254285945,-0.927191833,-3.33814779,-8.139858887,0.491689985,-1.18378606,-0.268761012,1.734958923,-1.207026499,1.689311461,-19.61627674,-0.667525973,-2.5368858,0.256632367,-0.392689818,6.150878677,-8.757180368,2.891427277,-0.751032754,-1.79290884,-2.858016402,0.664781061,2.48316819,-1.04818193,-6.172720751,-6.814683568,9.888932772,-2.526371499,-3.69066965,-0.768395414,-38.75198908,364.7921597,-16.29378765,-12.58111976,-4.619488013,2.562695929,-16.15439308,34.72334844,-2.896240608,-4.621776326,-14.70142881,12.54638511,-45.63942572,5.361472964,-25.6958779,-113.8035437,-0.588348566,28.34414728,-2.971101235,26.19321856,-9.534336612,8.333221551,-9.059164064,-4.194320554,-4.947609075,5.301508907,4.54791777,-1.536449293,-5.967928078,-0.57989037,10.925566,-2.498701305,1.949493213,-3.529003505,-8.354279105,5.638037404,-6.476721463,-2.086892026,-4.858861611,-45.81313523,-0.980582505,1.858163651,-2.608525467,-0.270817395,30.69725673,16.38523465,-0.396828264,-42.26667341,2.244694871,-4.280733621,27.66606266,-0.084536206,-3.808983522,-7.040690784,0.407067395,3.449875331,-18.76873663,176.5732957,0.695485532,-3.801344801,-2.583536658,-4.511458985,-10.22099452,-3.705757011,-10.60665367,11.89573953,1.922819825,-3.316090034,-21.23839857,-143.676551,-4.477707248,-2.023719296,-27.89915924,-53.27131667,-1698.391058,-1.139388877,0.283525895,5.08523354,-1.677044819,-0.703730269,-3.869131533,-3.197517769,8.722984851,6.753729187,-2.419237922,-3.605891632,-5.591678002,-13.07263907,-32.48201066,-0.023532714,-1.390998624,-4.54042073,2.719416553,1.080549017,-1.360213047,1.753242073,-2.558141195,-0.648562111,-3.872832559,-1.456707297,-2.871422963,-8.759122098,-3.734647197,0.456990057,1.011553022,0.349634397,-2.734796723,-0.354072717,-2.255904721,-0.847399026,-11.56754293,5.830567394,-3.393791594,-3.045332626,-2.937962097,-14.78314234,-2.005057839,4.05272462,-1.189130027,0.59125747,-1.75110261,-0.30088804,-3.090827475,5.115956877,-0.565484109,0.144522687,2.87503497,-2.875703663,-4.888533995,3.102293494,-0.801987663,3.360131069,1.54611183,-2.223753602,0.640364733,-3.412280151,-0.028086133,9.078129998,6.721226344,9.621123263,-25.88126775,-3.213155745
0.721579335,1.637856456,3.730337475,0.941193414,-1.434719516,15.30278247,-7.648788246,-1.434060872,-2.686892459,-1.202776762,-9.670394372,1.646190226,3.079746783,-6.943272752,-0.080439205,0.041536595,-4.977697973,-2.060192927,2.188469552,-3.656272824,0.948531842,-1.336137557,0.670660206,-7.985542818,-14.08967622,2.698530834,-0.68507461,-0.348714498,-2.614854871,13.00727269,-1.180765663,-3.330957096,-2.788132191,7.610986799,-1.399378473,0.562490609,-28.32410187,-1.242980768,-2.652541588,-3.680951339,4.510688379,-13.09867189,-9.993253818,-3.857182454,-5.768621703,-4.079033299,-4.085108128,-3.9504997,-3.132217318,-4.550354864,-0.587875117,-3.218930259,-8.783860613,3.384679462,-0.912554251,1.379221331,-26.29252978,1066.878184,-2.904518615,15.89777863,-4.311659513,-4.910823616,20.84273317,-16.47517992,-0.110375716,0.220046302,-21.41187602,4.665592336,3.961397162,9.352168233,1.526562048,71.50486468,-1.827725572,-89.57970863,-0.809897033,-51.76774145,31.08601548,-25.04963795,-1.172173739,4.289624831,-2.663494323,5.365312325,1.963660178,-0.414806501,37.83960243,-4.882255882,-5.666558484,-8.93683187,-1.601130885,7.955871623,26.77767095,-8.440694347,4.262805348,-1.197905456,-1.492380977,-2.249362145,-11.32543464,-20.53238765,-2.423183959,-0.437628217,-1.51185747,-21.50152851,-1.315640805,78.28199274,1.402257347,-7.92604547,-3.701428559,5.832323644,-2.17558894,34.37494788,0.656001455,-1.510903199,78.10704511,116.0459273,2.858423747,1.109024349,-2.420203181,-3.342309931,-4.030280691,13.1443334,6.157551737,6.349982285,-8.157958202,-1.415074509,20.57064974,11.20486627,0.315298802,-1.146625032,13.67487318,-30.72128868,-521.8562489,11.53642219,-0.694345478,8.524816713,-1.335565983,0.393841585,-10.09613245,1.325946687,13.16181978,-0.502459612,0.96074886,1.110070788,-1.784791309,22.82905089,-1.068989284,-1.543713872,4.097924952,-1.541307072,-1.935781847,2.790383053,-2.177138517,-0.341718665,-4.278672621,-0.500204643,2.670404625,-3.007280282,16.70544049,-3.365286472,2.116955541,4.497599273,1.027274027,16.93794933,4.919656447,0.611967957,-0.744901458,-1.627397028,16.98154791,427.2786365,1.841086476,-1.947003345,0.312480148,2.099326329,21.90511777,3.986366778,-3.825734425,1.589362286,5.280040533,4.867413928,1.259060697,0.262899742,0.484302187,2.138168075,3.935660872,-3.93487036,2.456160508,2.973403684,-5.718665032,7.780634185,0.335968717,3.004274199,2.880220139,7.870245115,-5.924792087,10.24729901,3.973617661,2.379934237,-3.397413785,-1.439147919
-0.949110861,-2.460616758,1.48403239,-0.117973534,0.401358837,23.58010831,0.132403587,-3.945364282,5.163046853,-2.746508824,-6.05865772,-1.200838865,-2.06211199,3.517424817,-1.99396472,-0.402308822,0.406201479,4.40477617,-0.144199883,-1.781266482,3.671154248,0.849661828,-0.104122091,-1.765553171,-4.505040127,-1.666654147,0.023983329,0.394070942,-3.541850184,1.06199328,0.938341818,-3.044752812,4.37913121,-6.757075402,-0.04819962,-0.436319942,7.806791449,0.813781874,-2.383010201,-13.8577683,-12.14578487,2.9364796,-12.66369602,-2.107283224,-7.268930384,-0.574389674,3.242075767,1.204212965,-5.836126957,4.21171219,7.354316585,-4.360157635,2.097352204,9.512451919,-2.605239108,-2.618478427,313.703081,3572.585315,20.34241026,-5.035449386,-6.640691846,0.192097692,5.798376795,4.127501475,12.43455368,-4.400720897,-26.91340687,-1.956492106,29.44050578,2.820669332,7.474402763,60.00951339,-3.401662199,16.02248048,-2.948831135,-31.82188151,35.46037749,-27.03405939,-5.143851661,-0.321486008,-3.083758068,9.795780737,5.168633063,-1.676202664,39.62699689,0.858010269,-0.604699532,-5.493023875,-6.035836386,-0.869505435,-40.7074374,-4.85098634,7.457925289,-4.210276937,-2.8178414,6.411373995,7.820766806,2.63420548,1.947371985,-0.490008163,-10.78770907,52.13642596,-1.343152522,-5.812404004,3.057342435,1.589301872,-32.49967344,3.16639616,1.975906839,-10.74000925,10.95814848,-3.394301358,-13.60270068,-3.65060099,-3.530209429,-2.652437993,-2.906867466,6.378771598,-5.512502901,-8.959080287,1.778373789,15.96942215,3.25902778,-0.762608201,-0.243136836,35.06717265,1.105889313,6.462987644,9.29261764,-132.7676828,-131.6279797,1.053060751,6.537403812,15.51175255,-0.544048005,-0.16472081,-0.076528943,7.499564687,24.15832479,16.37032518,-1.483703255,0.212553593,8.813975245,19.55540498,7.988413633,2.48011786,8.435321339,8.718149702,11.07096401,1.52661095,12.4223287,-0.134252705,-2.441693296,-1.15987827,1.926278568,5.58683798,25.14086479,-4.195650608,1.47136705,-1.525002714,2.461328885,20.26147205,7.811339099,-1.974160747,-0.068422013,1.181827168,32.34113234,-305.0307627,4.095068038,-0.157083267,-3.439915475,11.998095,0.334105071,2.76119634,1.527687107,-2.797725453,2.638908415,-4.992031682,-7.023829031,9.469418402,-3.599088843,-2.187439305,3.816119533,-3.327951646,0.564555154,-1.35085804,-2.644999559,-3.415405543,-4.649575573,2.530382955,0.762960177,-2.888254017,-14.75976771,6.924014036,50.86966493,0.080405749,28.00144625,-1.394174124
0.103841737,-1.593441481,-1.359605311,-0.769184662,0.173053117,7.603479273,-7.103638241,-0.87659645,0.654468892,-3.295273191,1.629136678,1.034814537,-1.154975126,0.698904949,0.314202756,-1.099333047,-3.303455591,10.06893781,-1.55141258,0.533402614,1.865575527,-1.975975409,-1.271860169,-4.779341765,-8.082214193,-3.065111732,-0.073911064,0.14382439,-1.190729487,11.15949288,0.716640065,-1.580935542,42.58310362,1.442843195,0.180784367,-1.337534219,-21.01559852,0.205420827,-0.092544018,-5.52949031,3.842824576,1.041470102,-21.94212743,4.20464464,5.77886889,-3.261899914,-1.825960604,4.178629857,-5.689844939,-2.322992898,2.531060818,11.84571718,12.52184071,6.905720932,0.677839963,-0.994314955,-47.14412316,-3196.029801,76.44763762,-7.544612227,-5.672591937,-3.337252184,27.99595542,3.799975472,-3.350192473,-1.051329955,-7.882968631,-7.536921016,-7.393890273,-11.40575406,-0.820804033,26.56703068,-1.833783803,-5.203115004,0.024521283,-5.189000758,25.20003014,4.559460544,1.47080455,-5.316104238,-5.024017034,-2.284043018,-2.643269811,-1.508690045,-107.5884941,-4.013610612,3.201689536,9.616457946,2.342246419,2.658909594,16.54868611,-2.391682995,-2.048891773,-1.292388101,2.304363974,4.49235345,-5.775926447,76.15775603,2.372984719,-1.179619055,-2.045158642,-26.26888796,-4.43084398,18.26631049,0.051894103,-2.286916389,6.31889467,18.80489131,20.45447059,-9.363258819,0.134378122,-0.981277506,51.58521633,74.00863264,-0.584072693,-2.51610874,-4.72832371,-5.491114991,3.232694384,8.510504487,2.902121304,19.60479113,-0.38318496,27.64622377,-23.03693419,-58.55808827,0.958855847,0.062635501,33.19793371,-96.51472584,-63.30983022,-2.537865456,0.030255239,13.50210357,-2.311995109,-1.609439928,-5.203773028,-1.044787876,-9.628093726,-9.455791349,2.967097426,-1.640009647,-2.367564065,-0.132381185,-13.81216269,2.179672517,3.980065251,3.727958848,3.073132432,4.109162237,6.606668315,-0.296577258,3.025296775,-0.064929972,-1.845056436,-2.327805062,-11.53390491,-4.5271043,0.331904009,-2.779696659,8.618701414,-4.571737218,0.104951754,2.840118335,1.09409123,-0.694858637,9.971072492,-32.10839231,-0.658693775,0.156687065,-3.816096756,-18.75909971,6.338040928,-3.296578349,0.54222997,-7.626411973,6.908242625,2.774667907,-8.364173777,-1.416709985,-2.389780674,1.458781053,-5.151403535,1.305459007,-0.380791505,0.103607272,-0.526912927,-1.343472442,11.39837692,-8.332106192,4.763079049,-5.647039627,-17.34473577,-1.986302577,-19.12564042,1.758765196,-51.59305602,3.971059949
0.826944464,-0.247828605,0.683461345,-2.717632978,0.441708902,-11.71910266,-9.266119668,0.146338142,-6.67362422,-2.198600175,-13.21054674,-3.017405897,-2.217573304,0.652253091,-2.046460711,-0.542121338,-0.109798702,2.66814639,-2.713250117,-1.508884679,-1.60196528,-1.764648773,-1.016097255,-3.805885417,16.94404407,0.42703301,-1.421987226,0.62204305,-6.230248086,-13.03345236,-1.648697948,-4.471187879,17.73010601,2.200379115,-0.888417901,-1.373103625,-32.68419612,-2.216196422,2.380447781,-0.959353145,-0.782600589,-5.410878228,-29.93865057,-0.899600776,-1.829923114,-5.244673813,4.543574488,-2.835655472,-4.290729789,-0.808393959,2.343033836,1.359269147,1.591419359,-12.38170845,-3.718618056,-0.411430038,-20.83840326,-662.0787076,0.831083286,-1.71417809,-7.048899013,-1.182797088,-17.48414556,-5.429728512,0.014568145,-0.431000885,-34.59709261,-7.873546369,2.003944548,1.367885011,1.422187497,-65.76169484,0.882029133,-49.18063596,-0.883686206,1.250597786,-117.2423948,-12.15661836,-3.363078463,-2.830804871,-4.271590227,4.074091189,-3.172886375,-2.310152627,-33.15550145,-8.013006927,-2.796874666,-2.170250004,-0.253705361,-2.857185658,-26.35231163,3.010713111,4.9977082,-2.686937628,-3.452216225,-20.50171105,-5.476693011,-51.96104698,3.267918559,-1.328946447,-10.85421147,46.59351854,-1.980082797,-46.31485909,-1.803204934,9.307731338,6.29128356,-7.77069646,-13.58439478,-13.09493074,13.12378081,-0.015430345,-73.45366108,768.8976075,-1.381944276,-4.999077351,-2.530223798,-2.41238265,1.375931213,-15.90491514,0.088451017,-5.080047117,3.55588865,-1.070687673,33.68445045,15.84597917,0.83519266,4.864661883,-33.49141119,1019.817003,64.63501808,-3.112796399,5.003442792,5.830015869,-0.347163192,0.352256638,-7.309235473,0.085562991,-9.407429652,-7.057641004,-4.375619228,0.491868619,0.630536848,-8.405258187,36.00795466,-1.135723828,-2.456269495,-0.779291476,-9.217697306,-0.835954028,-3.462422758,2.702605405,1.900450322,-0.299242171,4.292333411,-0.254787589,-9.123852382,-3.732797737,-0.633424281,3.401673771,0.616386918,5.799500874,17.50283272,-2.37958686,-0.13111329,-0.738552607,12.38502063,7.555514689,-1.729362122,-0.164166577,-5.362232376,-30.66826868,1.013639949,0.286404202,-2.833970222,-4.050315737,-1.853448388,7.515576281,-2.318353226,-4.233368528,0.450530219,-2.263369687,0.297144353,-1.804311713,-0.646463292,-2.367898031,-5.093409134,-7.283632914,5.515511109,-3.070307741,-2.154728796,10.00567918,-11.46545335,1.386737158,0.267085297,-0.017161858,-39.35093212,1.213990415
-0.689022388,-0.604358057,-1.498925469,-0.049670839,-1.579634049,-12.1755988,-3.566882627,-0.759330671,-0.520387061,2.250147961,-0.205818813,-1.142198954,1.388100779,-8.980460873,0.148829093,2.809924582,-5.267635134,0.696450853,0.45935698,4.712379416,0.774514248,8.327080743,2.844516604,2.933499189,7.897898517,-0.698137179,1.575227147,-0.8079548,-4.243172142,12.25366674,0.231143475,7.833017694,-6.798947439,-4.37214985,-0.917002756,1.58015385,-5.409954459,1.747482029,-4.040761828,0.082507356,-7.197766356,-5.677432283,12.22644064,-1.442271429,-3.455282126,-0.113294163,0.020292194,6.365121805,1.530518664,3.080743626,-2.305023848,-6.265828974,-6.618597479,6.723228144,-3.220762309,0.591016192,-35.00649643,-2260.089892,-17.95656427,3.151351439,0.00522488,-4.720576775,-26.2146548,-8.568500183,-0.897101105,-0.582231734,4.900843079,-1.792369433,-20.73205217,-8.133849712,-16.42583519,-73.91845994,1.861968683,5.713516292,-2.365432785,-32.28531823,-57.87747932,-7.831722909,-5.256369008,-7.798646964,-5.816359519,-8.880824301,-4.481318244,5.886086855,51.94536526,-3.788568963,-7.88216496,-2.021257641,-2.245055328,1.623187404,-46.5112716,4.487555217,0.649903594,-0.465208166,-0.401649708,-10.25065126,5.505480964,19.02863463,0.644926101,-1.704473552,4.901617595,-95.72217283,-1.411289841,33.16507521,3.919658148,5.357889971,-6.534631197,-7.758194387,-15.64447348,-14.40880686,-7.009863959,1.64906044,-66.0829583,-1328.17657,-2.283112819,-4.130922698,-2.125146804,0.62473022,2.850323925,-13.98165035,-10.0734628,14.36017353,0.865271197,-12.16740842,-21.25481605,-43.31926265,5.170024254,3.132421771,-40.98338506,-302.2848046,-41.01208342,-0.041042688,3.774810274,16.23831245,2.589345598,-2.729498286,-0.506085293,-8.515803039,-5.604769367,2.321450407,4.902108792,2.560925639,-1.980511452,-10.46078432,-9.393658406,2.588405063,0.924114545,10.71293292,-4.447834995,2.107288913,-6.92077906,2.468949857,-2.140760803,-0.22531148,-2.256632821,-4.462590305,0.081676552,-8.238711843,3.518907342,-1.92522787,0.447782263,4.746499478,-9.845467045,0.624715576,-2.405038353,2.171805018,-35.31077023,-84.32213007,3.196749256,-3.413653967,-1.101322077,-10.69023003,-5.280820684,-0.58228769,-0.530212948,-8.834278242,0.214031967,0.966831082,-2.795717262,-3.656593471,1.015100984,-4.166535586,7.584931618,-0.653568588,-3.708825346,-0.586109014,6.354620522,2.78325474,-9.552066035,3.201421253,5.383434917,15.84130693,11.14883377,5.110084299,1.316824056,2.144617928,-29.47308344,-1.228817804
1.279829042,0.070907744,-1.200010811,-2.190830657,-1.204064828,5.534738673,-3.964580508,-0.62049435,2.291181553,-2.563261209,-11.82669628,-3.660118256,2.93817358,-2.084645446,0.695172306,-1.018821039,2.38233994,1.822646963,-1.561254338,-0.341466082,-1.466416315,-0.443871176,2.60183219,19.41867485,-14.0209088,-2.937433094,-0.355094516,0.200952707,-1.92980791,-7.5393142,0.569475675,-0.69787881,9.252728596,-6.475733103,-0.299510606,-1.358510072,-12.37923647,-1.02130018,6.393275832,-7.049586644,-2.189311294,3.126388046,-2.007797525,5.567988971,1.102467649,1.637371053,-0.601587034,-7.227172951,1.724181534,2.915086407,1.80723445,-7.893445365,-5.791361414,13.77668738,-0.60263993,-1.211972609,-59.15086779,482.5385001,-29.7270027,15.80225515,-0.520197829,2.767898129,-11.2780637,-0.252959179,-7.060172314,-1.192123811,-11.37065539,1.881362613,44.81983203,0.237047121,-9.325603509,-46.46840847,0.59076402,5.118885021,-0.750149275,16.30751913,46.11355867,-5.755633306,-7.033248311,-5.665950402,9.960037008,-1.36868517,-0.432011418,1.114468173,-23.759374,-4.933600619,-1.87517922,-4.371883884,38.44176033,-6.519825338,12.5751477,-9.016771649,-0.979830521,-1.074372633,-0.703811229,-12.28934853,0.970800694,-65.86229375,5.047985647,-1.114666384,-1.651801719,-17.16556915,-3.74766582,-65.85071877,1.83671504,-5.803965426,15.9315915,-9.381935053,-8.102985029,-2.702499561,-0.125892381,4.304345094,-20.23502812,112.5216389,-2.153164539,-6.519586944,1.152275517,1.846593303,-3.150084545,-1.440267919,-11.09311303,27.25905873,-6.411707104,3.073186121,-22.14249291,-17.41671519,-3.450199191,-0.29534127,2.320842761,-102.1393286,-26.2084145,-0.227617176,2.671023545,9.355505132,-1.742135069,4.423070011,-6.544590745,37.21661687,5.54178494,4.997823036,1.667388364,1.370785401,13.70341899,-6.509411573,19.3735854,2.114645168,1.799859631,14.29270704,12.44187326,4.912814899,8.121273173,0.319257908,18.13637658,-1.002639778,1.152486943,0.368581312,3.795397932,-7.513472209,0.271997498,0.331201976,0.572144661,11.22104209,1.354243432,-1.18819926,3.261849737,-3.686429836,22.53413988,8.14391481,-1.509008868,-2.551461706,-0.886362802,-13.9935711,3.077709884,0.137203484,-0.04311092,-4.412187707,0.834181019,6.993177541,3.074441805,0.877873451,0.816076318,0.658607663,4.228848146,-2.474266593,-0.076756804,-0.679207871,-2.192552179,4.208441749,7.850986718,0.958025174,-3.749341511,-5.8546804,-17.81837596,1.111233045,-3.279870556,2.863021817,-36.94220084,-1.403453912
0.110290027,2.708699227,-0.027312266,1.025563242,0.292234248,-3.295721089,-17.8818724,-2.010538347,-1.727456213,-2.199459696,-5.670208365,-1.828748095,3.806494911,5.571264861,-1.555373914,-1.902047078,0.328458977,-0.372118245,3.067916198,-3.362862099,3.0730851,2.730504761,-0.940493828,-0.254399508,-6.213253774,-3.667288728,0.26648869,1.107292037,-0.79523722,-15.65951436,-0.67790698,3.440910979,4.445180415,3.184794652,-0.090244404,-0.315383756,0.134496084,-0.501810215,-11.50384139,43.3819782,9.537500927,8.504420676,1.502751786,0.02475123,-3.011946447,2.301374298,0.319207293,-2.98638642,-3.36541445,0.559800041,-0.613549703,-4.877703527,-6.405747312,-8.717563993,13.38114139,-1.456076374,-33.15094899,747.3254787,132.54751,-4.561989681,9.110575823,-1.7006194,-2.054556226,-3.974868313,3.575869523,-0.98733413,0.994194888,31.67959057,55.32669377,0.86537247,-10.2085213,28.14593319,-2.088178476,-33.7463453,-2.777796727,85.5603113,-20.67009146,15.02328121,-0.964854485,8.734644518,2.516930599,-7.349273943,10.63910115,0.770889508,18.76250046,4.803750926,15.17608694,-1.886971903,-17.76076455,47.27078987,10.84250038,13.89015464,0.482218006,1.251932222,4.908462829,-8.114573046,4.320911217,284.196652,1.974852316,-1.377455659,11.30920554,224.7709909,2.014028087,-75.97805958,1.155909237,1.026993968,0.83374246,-1.20527231,2.833492847,27.55647298,-6.225658479,-1.238649255,152.1930644,403.3769563,2.844658584,7.416479443,-0.317764028,-6.392376923,0.187383802,9.061009583,-28.95025907,1.185647634,3.814341695,1.969219319,25.60556496,-61.97953373,9.006750122,-1.026425614,-24.76232191,457.174964,56.97835813,-0.369274065,-0.528508992,12.22804601,-4.049124744,-1.712052581,0.661541721,6.188900737,-0.532739458,-1.919854136,-0.95135976,-2.306490282,2.592730094,-7.157679481,13.46631341,5.557533535,-0.809844707,-2.739271173,0.075682862,-1.359301189,6.128648721,-1.752022615,-9.752589992,0.767714164,-1.370042595,3.361593244,21.82699088,-4.161555379,0.497917426,2.049035775,11.09761453,9.671961568,-8.750612079,1.418780394,-3.118601681,4.942303486,-2.746892244,2.003904327,-2.404726711,-1.975014673,0.791065688,-6.098680998,2.381875379,-5.616187357,0.185500345,-0.112677326,-1.598674061,2.995268863,0.144346568,0.105488949,1.908019677,-2.209397313,6.495759898,3.149096037,5.095622192,0.437832848,-7.836845362,-6.606455418,1.989738607,2.873332203,-1.062321565,-8.988144531,-6.308340869,-2.090707867,-6.551165829,3.935635614,-16.91391188,1.176800766
