desktopusdeReu01,desktopusdePho03,desktopusdeGen08,desktopusdeTra15,desktopusdePho16,desktopusdeGen19,desktopusdePho21,desktopusdeGen25,desktopusdeGen31,desktopusdePho33,desktopusdeGen34,desktopusdeGen36,desktopusdeLif38,desktopusdeGen39,desktopusdeBlo40,desktopusdeReu45,desktopusdeGen47,desktopusdeGen53,desktopusdePho54,desktopusdeGen58,desktopusdeLif59,desktopusdeGen60,desktopusdePho63,desktopusdeGen64,desktopusdeGen66,desktopusdeLif69,desktopusdeGen70,desktopusdeGen71,desktopusdeGen75,desktopusdeGen76,desktopusdeBus82,desktopusdeGen83,desktopusdeGen88,desktopusdeGen89,desktopusdeBlo90,desktopusdeGen92,desktopusdeVid93,desktopusdeGam94,desktopusenReu01,desktopusenPho02,desktopusenPho03,desktopusenLif04,desktopusenReu05,desktopusenGen06,desktopusenLif07,desktopusenGen08,desktopusenLif09,desktopusenLif10,desktopusenLif11,desktopusenLif12,desktopusenGam13,desktopusenReu14,desktopusenTra15,desktopusenPho16,desktopusenLif17,desktopusenLif18,desktopusenGen20,desktopusenGen19,desktopusenPho21,desktopusenLif22,desktopusenPho23,desktopusenPho24,desktopusenGen25,desktopusenVid26,desktopusenLif27,desktopusenGen28,desktopusenLif29,desktopusenLif30,desktopusenGen31,desktopusenGam32,desktopusenPho33,desktopusenGen34,desktopusenLif35,desktopusenGen36,desktopusenGen37,desktopusenLif38,desktopusenGen39,desktopusenBlo40,desktopusenGen41,desktopusenGen42,desktopusenLif43,desktopusenGam44,desktopusenReu45,desktopusenLif46,desktopusenGen47,desktopusenLif48,desktopusenGen49,desktopusenPho50,desktopusenPho51,desktopusenGen52,desktopusenGen53,desktopusenPho54,desktopusenLif55,desktopusenBlo56,desktopusenGen57,desktopusenGen58,desktopusenLif59,desktopusenGen60,desktopusenLif61,desktopusenBus62,desktopusenPho63,desktopusenGen64,desktopusenGen65,desktopusenGen66,desktopusenPho67,desktopusenBus68,desktopusenLif69,desktopusenGen70,desktopusenGen71,desktopusenLif72,desktopusenVid73,desktopusenTra74,desktopusenGen75,desktopusenGen76,desktopusenGen78,desktopusenLif79,desktopusenPho80,desktopusenLif81,desktopusenBus82,desktopusenGen83,desktopusenVid84,desktopusenGen85,desktopusenTra86,desktopusenPho87,desktopusenGen88,desktopusenGen89,desktopusenBlo90,desktopusenBus91,desktopusenGen92,desktopusenVid93,desktopusenGam94,desktopusesReu01,desktopusesPho03,desktopusesGen08,desktopusesTra15,desktopusesPho16,desktopusesGen20,desktopusesGen19,desktopusesPho21,desktopusesPho24,desktopusesGen25,desktopusesLif30,desktopusesGen31,desktopusesGam32,desktopusesGen34,desktopusesGen36,desktopusesLif38,desktopusesGen39,desktopusesBlo40,desktopusesReu45,desktopusesGen47,desktopusesPho51,desktopusesGen53,desktopusesBlo56,desktopusesGen58,desktopusesGen60,desktopusesGen64,desktopusesGen66,desktopusesLif69,desktopusesGen70,desktopusesGen71,desktopusesGen75,desktopusesGen76,desktopusesBus82,desktopusesGen83,desktopusesGen88,desktopusesGen89,desktopusesVid93,desktopusesGam94,desktopuszhPho03,desktopuszhGen20,desktopuszhGen19,desktopuszhPho21,desktopuszhGen25,desktopuszhLif30,desktopuszhGen31,desktopuszhPho33,desktopuszhGen34,desktopuszhGen36,desktopuszhLif38,desktopuszhGen39,desktopuszhBlo40,desktopuszhGen47,desktopuszhGen53,desktopuszhLif55,desktopuszhBlo56,desktopuszhGen58,desktopuszhGen60,desktopuszhGen64,desktopuszhGen66,desktopuszhLif69,desktopuszhGen75,desktopuszhGen76,desktopuszhGen83,desktopuszhGen89,desktopuszhBlo90,desktopuszhVid93,desktopuszhGam94
18.05959779,-6.747309723,-7.054380449,-28.79505983,-2.030394573,-359.9325111,3.345624246,-13.46356902,2.585833888,1.195074763,-46.79513954,-0.210833394,-9.638193914,7.556019498,4.487124686,-0.34218512,-26.25401335,-67.1526725,-8.759827873,-4.652613929,-3.558039687,-76.36670136,1.103797477,-63.46673845,36.35361311,-33.92341795,-6.924809385,-3.420293795,-24.07417741,-326.0964505,2.660923783,-6.328465813,-10.04871615,5.194167738,1.907764165,5.934580653,-174.4518763,-2.573901102,-11.1038864,4.166839457,-6.977448761,-33.95693642,-117.336156,26.53751263,-12.28484201,-4.778331789,-6.359782826,3.097782164,-4.483786637,-2.879835193,8.732526464,-6.021563277,34.04196348,-31.43281617,11.10456422,-8.018643974,16.83479015,1603.571381,51.43123962,-314.209719,-10.94195072,-8.861930873,-37.8366921,-15.85459769,-0.398717752,-6.877788312,-25.84295647,-9.252528021,-25.2945522,-19.17618173,-14.86110228,-697.358076,1.583206487,-7.465134966,-9.202504713,-64.61212858,-440.7359188,-9.186314747,-21.95297479,26.23331111,53.55361274,-0.878354224,4.772178048,4.615036019,-172.8464718,-1.263364404,2.305777612,-6.8026668,-11.94873203,164.6939072,-114.4806338,2.10069113,-40.43876692,-10.09833533,-1.510555478,-24.1577538,8.059684406,-823.686929,-8.936321634,-7.005178062,14.25854315,-2552.157465,-3.434785996,-257.1853303,4.991261189,-13.79050792,-38.3176017,-61.98081993,-17.67565053,-82.47763259,6.444341491,-0.763848572,18.08515625,354.151079,-42.86996738,-3.203928983,0.325147077,-5.009844962,-13.46610079,-78.92233767,-285.49536,-1200.020024,-50.0637523,4.27937535,-32.14114614,90.6762384,46.33341356,7.359244651,-41.50039464,2765.198255,-51.35132652,-0.547804855,0.992623264,-4.117361823,15.57034018,-1.270351481,6.186369303,153.9495488,66.25040115,13.27659127,-0.538143792,6.402059528,-17.44036793,-1.857427088,118.1330721,2.357906417,6.987787709,17.44195017,5.444512831,-1.518187086,-26.00137846,6.965478724,34.93659368,3.034962367,-2.345674394,8.387469562,1.06657889,60.61863347,-1.135892717,5.878488438,-7.023534844,11.76703928,51.23881567,3.539294519,-5.086862447,10.82624527,166.0925,-210.1661534,5.019985076,13.71938703,-2.958292797,-30.02360599,17.78908636,14.44710763,0.685074862,2.027369844,5.842656689,99.9653525,3.342368869,1.350700627,-4.102344958,1.04623437,-6.043491966,-3.662299109,5.501029396,3.07849438,0.590116205,-30.91985847,15.32256889,18.52266362,-6.594255633,1.124358002,-78.96184571,2.387093686,-13.43905682,10.62218769,-151.8691691,-13.35008322
0.587739101,0.852947984,-8.695070878,-0.430369315,-7.674936536,-49.50827519,-7.010117334,-12.39987232,16.31044334,0.620896675,-4.968578131,-7.150478827,-4.176853936,-78.86740179,-2.629793797,4.001936676,-11.47221061,-44.87950703,-13.69928254,-5.073828897,2.595188198,-55.62938761,-0.220965434,63.84951332,-178.4134981,7.157284137,-2.336716162,-2.176251199,0.481071497,75.23956157,-3.078166764,-10.79855085,-6.533579712,-28.2750952,-0.019781468,5.900086192,-118.2689734,0.086646411,-17.31896476,53.3557054,-7.879915863,-25.38289228,8.472619717,-2.197724043,-9.446661818,-37.77339383,-4.316229043,-11.41464169,-10.88984627,-6.478597168,-3.568970729,4.547036974,-13.60160496,-47.25353613,5.161837031,-3.051200956,2.334756463,-930.6589352,-83.10115407,792.8096354,-5.369263685,-2.896844273,-70.68517107,-71.26563134,-23.1603073,-6.578389361,-48.80901764,2.57896071,-173.5648561,35.68520285,-20.33597879,243.1186412,-6.088605267,-78.28547305,-5.243181111,-31.61138557,-937.3735531,-44.26401963,8.541583197,-102.4005721,-22.70752244,-8.538295445,-21.34683996,-3.055646526,193.4579396,-10.85302166,-10.04872864,0.647099691,-4.426864552,-79.70918209,48.51418613,-16.79562651,18.23565696,-0.679228244,-11.55314427,8.869773277,-10.61554264,-711.3650408,-12.47514983,-4.311432804,9.026783154,-2965.463976,-5.509797651,-1958.103841,6.011083318,-15.09868884,18.39067345,-43.42632791,-25.18311396,-26.09996785,-6.368776625,-2.128259431,-124.8038327,-1510.735513,-27.9240775,0.292034787,-5.603533556,-9.908429532,-32.62440548,-26.54191404,190.2618873,-1650.006863,-48.54291762,-17.88595403,-43.17648267,-127.5550339,5.48915479,-1.258638977,5.589101269,1116.929342,-30.37477867,-1.921206084,-0.547644531,-28.29368824,6.139534447,-5.253824206,-70.21344222,23.88832071,-19.14218745,-9.935197228,-15.26237562,3.057600599,-3.138425845,-8.844868814,-87.1643461,-2.737614106,-8.26674464,-28.95004078,-9.796211763,-3.102751418,23.65334274,1.018623118,-38.75594374,-2.48589038,-1.179419367,-65.82912398,11.90714522,-204.2548871,-27.31074784,-2.996944252,-0.085057765,-15.43647987,-69.69846039,-6.805095347,-4.044734158,1.04149516,-269.407649,-807.7891607,-3.483671067,-4.072045825,-2.200590189,60.4500453,21.30782683,-1.981222423,-2.548930797,0.988963107,1.443166921,44.55413293,49.9791043,-0.872238732,2.837450826,1.332622731,3.572212843,14.52660222,1.401108374,4.595002449,-5.278998294,45.24402416,-5.424831465,-32.818485,-5.168142883,-15.88826613,35.41651402,9.805703919,22.63617966,13.46361083,177.7000249,-5.720169985
5.702053446,-4.507770537,2.951365039,-8.202816963,10.79556885,-85.06196918,-5.994741975,-2.846208886,-4.149556097,-7.446186171,118.0832074,0.719674223,-5.129858622,-98.69721042,-2.199967125,13.95127578,-16.57026111,120.6477444,-6.617929457,5.041588554,0.820105108,-69.31879717,7.079109467,-226.6428834,-131.5948289,-4.594892423,-4.165465619,-0.796171735,-10.21665724,121.3573335,-0.829000745,-5.339534332,-9.302601918,-31.2916017,-1.675665917,-2.205368302,110.6171799,-6.672891296,-77.95208431,-20.8655322,-1.610227655,-36.99125576,-38.13614094,14.5127724,-7.906094936,7.100549627,-0.429219066,-3.094330855,-14.80882245,-13.08762719,-1.263824786,1.996861806,-6.375644843,18.54419464,-4.347061498,-5.305802032,-102.9629679,-419.2824713,-61.39991467,181.0727677,-10.60752005,-4.714651355,-62.73367155,-22.17740977,-21.1073708,-3.688547946,-30.81685062,-42.30355434,-66.63999957,-8.869918556,-56.93129317,836.2684292,4.958232714,-162.7298814,-1.568471915,-33.5597513,-857.5473399,-17.22593683,8.398154605,19.16958214,4.955594809,-5.11574326,4.664114701,0.324507792,-29.68686711,-7.188827678,-9.022751711,-7.246744066,-19.60200034,60.76193908,264.9011597,-18.76133277,-13.91849173,-8.768899562,-21.2693067,-89.29496108,-10.89510969,-726.3909669,-15.75991832,-10.42622015,-12.89690885,-3743.303225,-6.223097873,-753.6484294,-8.332022964,-17.36039615,10.73546071,-29.15836101,-22.90921451,-129.9807134,0.248837064,-0.529459042,11.84544997,-246.0119075,-21.28571598,-13.85360778,-0.957031419,1.340742655,-21.97091483,-22.32363243,571.3672663,-1298.367359,-29.77153376,-14.2863414,186.3481193,0.497962205,-9.280639437,0.981893562,-54.09127291,434.7222262,-53.87910466,0.73092008,0.964030613,11.5843148,18.79334575,7.355153611,3.831093693,161.6681391,17.12249185,15.98693185,-6.81710961,-6.845393353,-9.938654101,1.762735422,37.36527763,3.839642439,-5.098871916,93.96785676,5.858582921,-1.401798313,37.99787304,1.647333612,38.95347315,1.842188052,10.49494364,-31.5132501,21.12228066,11.26905324,6.152600779,-4.492118811,-11.4545004,19.35496252,13.89195328,-1.332180716,2.317290167,0.162352344,139.9002211,-300.6031219,-0.321427476,-0.494788445,7.60916383,100.0948387,-0.571826779,15.39956294,0.922671341,4.888384379,-3.309052916,-32.47970316,-15.6997867,2.476916996,0.224152754,-0.839041197,-5.25837966,6.827228623,-6.057949141,4.931330651,9.267980715,-20.70098777,-10.71509401,-30.73482693,-4.532395445,-46.63687044,46.12153465,1.586911517,9.269616125,4.606465953,-93.37101809,-10.31866176
-12.14302304,-12.41159398,-12.92188116,22.34005979,-6.031053684,-104.1194369,-53.89601091,4.273213483,-23.57776287,-6.536276859,-300.4060459,2.069307286,13.44871515,-169.007113,0.560514885,-9.033946066,-63.43006391,-69.58071902,-14.99034424,-1.878765508,-1.105045374,-61.93210799,-1.548007582,-360.6603359,-249.9255047,-19.97850291,-6.044295391,2.065851661,-2.499959839,-92.66236447,0.737962489,-2.158218846,-42.07050871,-312.9346134,-1.772796389,-6.940931495,-228.5326097,-5.866346922,-22.28943517,-54.38915307,-5.691237189,11.01058919,-0.804053634,31.4385139,13.14534369,60.02129988,27.27874852,9.187248347,8.842189327,-5.958431462,-2.336510975,-10.51420601,-76.27236608,12.06131878,-1.674756971,-0.70357588,52.41010366,-1280.226673,2.143137737,-1504.140895,7.729779625,15.83297843,14.07287692,3.398193501,34.18348754,-1.457047334,17.27601026,22.36799593,118.1778217,-1.116958571,4.540840321,996.3945036,9.291100919,10.94333764,6.09121575,32.73422228,449.6324465,7.620119492,30.19158837,-22.60255584,32.0733135,1.434994604,4.555115326,1.63522365,-39.51476655,9.748554301,69.25010685,-1.89737739,17.4434569,43.6481574,-100.5393622,21.76628308,39.21142448,0.967215905,15.90291624,97.2111027,5.190996223,-22.35433957,3.756543471,20.72553332,18.42282935,-1063.719116,-2.550228018,-271.4700637,29.81867559,-8.396784816,-10.44883575,28.92787807,8.942268981,180.824584,1.883530807,-3.433629072,85.87165946,562.5138928,20.29724155,23.7362382,-4.410476203,26.84457112,2.679933277,-4.362973574,-368.6037125,-304.1714986,32.15377189,4.988043993,125.4499081,28.91996958,8.079837585,-1.573779679,77.42070064,2521.807936,44.54896261,-1.847054817,-1.24447475,-1.722091804,-1.129362209,9.336901785,26.06509903,-367.2754278,-30.53068466,1.666904672,3.158244382,-0.928131809,-6.328078339,4.052403964,-23.52621487,5.698123435,3.772317114,-111.0343513,-0.597815085,-11.56768069,-12.80761313,1.777053574,-20.28010641,-1.817653689,0.106467749,1.494285488,-4.291676028,0.051902064,27.50367266,2.190301833,-4.376292646,35.464072,-49.06161839,3.534119704,9.30890274,1.049275155,192.6043594,47.32813094,-2.435087382,-8.955058298,-5.206532813,17.57140238,39.71041354,-14.90594669,7.832511248,16.8718979,3.773107712,68.27229889,22.27559261,-2.946147079,4.519162611,1.116194762,7.131164152,43.04294157,-0.673898909,-0.155112855,46.84380117,53.26828534,11.65154186,-77.3156413,0.844340665,35.00940596,18.59406453,-15.29408758,6.26673139,-9.371079423,-179.5879674,15.89409624
-7.053228671,2.523026556,29.40865699,0.91580957,-5.959964442,-115.4859502,-11.22590509,6.056479039,1.016579845,-2.000717073,-1.35062541,-3.723305428,-28.50608595,390.8784359,-2.717049672,3.584790072,-12.18409861,30.70991266,0.931267955,17.93746957,-10.0119457,-66.69164473,0.049136261,-327.4586231,33.12646865,-39.80739348,-0.160444512,-2.953829749,0.668406287,-28.44096007,0.708144076,18.96635445,1.297854152,-73.96275894,-2.210255592,-12.26094262,89.68793777,-4.159283596,-0.069511647,-41.50033769,4.238323241,-42.26261321,14.89191747,6.194759819,-8.400235087,213.7113058,-44.88688585,-6.509632439,-14.68024796,-3.067319115,0.482688404,4.927104402,20.64746206,24.01854963,-22.48339482,-2.954064319,-80.32141815,-1138.230658,-187.5701182,353.0263607,-9.02583338,-6.107256766,-16.82910099,-26.747916,-8.221807443,-12.39912758,-40.58808434,-39.39278292,-67.25481012,7.005081247,-16.08064412,-944.6385942,-13.54363359,-50.77202233,-3.489159773,-12.79055334,-13.72387445,-1.648417944,18.25845962,44.87737428,-50.38166033,1.422966259,-21.94773305,-5.174536322,15.84499904,-3.740164713,77.52774742,3.972055399,3.633926204,-27.95160983,75.46067403,-9.898256324,-60.97830832,2.662739269,-9.950288303,-187.9335103,-7.202724165,-662.4737676,-14.97397823,3.406311287,-26.04452404,-2945.063551,9.142236487,-921.6282832,-7.196235131,-8.830780296,-124.0303174,27.84462938,-11.49353337,-222.419336,-2.051715689,1.453772262,-38.61674058,-932.0093417,11.79545575,14.53809936,1.429975577,-16.71649548,16.89004988,-32.24874784,385.7668505,-371.4155441,80.36280355,2.662451736,-26.16042037,-5.309119996,27.67485777,0.974277659,143.2980751,2132.996567,-64.33665822,-1.016888926,-4.888810248,15.11065421,-17.37660973,-7.30992105,22.00786341,-274.9902172,-6.166731948,-2.720483653,3.179187675,-2.412840669,-18.89688811,6.380487893,-53.66580529,-39.93403678,-16.97142575,129.3487303,1.961764779,10.08257075,-17.24477045,-1.601830193,-3.758713953,-2.016761178,-7.315808361,-39.93948784,-13.70905598,-10.65819197,-19.98935842,-1.778682166,15.97740906,13.16544207,2.960138582,4.252840993,1.193542734,6.275892765,10.9610047,68.61005789,-4.770925789,-5.193972343,1.396482453,69.20560056,33.77196314,-2.859205495,1.992794837,7.929265667,-9.888777528,-52.34804121,-21.15173284,17.02895304,2.508133306,-3.353595286,-9.384908653,0.157146766,-6.295157299,3.164015035,-19.76104503,-41.27125778,-17.41087027,-45.78852736,-16.17212408,-58.48662194,47.06748115,-4.135157356,-23.41657025,3.016442311,61.89879614,-8.941986732
-1.222927998,0.141850421,4.299719973,36.07483021,-5.151066981,-61.13285063,7.476496042,4.650586565,3.177567463,-2.471778314,40.2763891,17.06448441,-6.980110921,379.6378898,4.429594663,6.022859418,9.193592523,206.9052288,-10.5484444,8.392209103,-2.304086652,5.845327663,-5.049679712,-92.07556896,-78.99067883,-28.96438739,-5.166545666,-0.949060499,-7.165335929,565.1139695,-2.610246347,-15.72776115,22.13925025,-12.91551719,-0.610568968,-1.302403948,111.3093205,4.658546134,-8.361205517,-17.67397338,14.20558551,-9.782699902,-23.94742672,-57.91955643,11.78989455,-21.81770355,-30.02723687,14.89186146,-3.075766965,11.81404648,-0.787485117,-35.08708308,10.5817809,-58.98818991,-9.220976325,-7.163113732,-76.49357162,-1542.26892,38.44710241,429.1718711,8.149398919,-2.11689286,-16.48584358,13.81647113,-8.740922643,9.1300647,-99.44954778,20.19961588,61.51529783,-3.265830627,-9.107032301,-378.8935899,-7.347528973,-27.93692208,3.295328514,-5.006834795,174.1559331,7.902637186,3.072868119,-67.17526762,-13.76398523,2.142557429,1.598006547,-0.802910489,-27.76739016,2.913201621,5.468867741,-13.09578735,-0.244819122,-36.83261218,264.6838907,11.86596281,-84.7382634,13.49583266,32.02850006,50.19439138,-0.304715418,381.7963905,-0.27482828,8.579006759,10.76519994,-845.7143902,-0.643762226,-455.4414354,13.74683395,3.176170346,-120.3700937,17.45356108,25.84184767,-168.615572,-6.474061662,1.312777534,109.5257561,1833.497792,-18.50400855,23.84362325,3.1348875,-10.64045573,-4.494518323,-48.51001302,-127.7557074,-693.4422539,90.90553259,3.86356844,-290.4501951,-84.41955578,-8.99301264,-3.528884121,-19.56563562,2640.630591,-21.42173078,9.622830039,1.441937923,-9.959579888,-12.52865552,3.781544828,10.21264485,-244.5986455,-13.93397664,2.342115963,-10.03816101,-3.010631334,-6.612679004,-10.7221523,-45.08039613,-1.899552947,-4.291577716,-82.23257515,-1.993612171,-0.690298478,17.90998222,6.578104455,107.7463068,-3.679344477,-6.223886234,25.04892047,-41.28579408,11.49472657,-23.9490366,4.287971884,-12.00081261,15.41623099,59.50266337,3.658679307,4.046025871,-22.58379161,150.2396201,93.23795163,1.683981181,-3.802324815,6.896490334,-60.21435784,-4.44700836,21.4297733,1.310402557,24.5637591,-0.010677949,-0.238258888,-13.36002063,-5.323457429,5.32072032,-1.395718904,-2.796464112,34.60037843,-4.819705748,1.947388276,-14.91549826,-9.057405211,62.09292812,-29.14620728,-18.2559687,9.435945226,-60.02254169,-6.111541001,-2.319564458,10.69149213,-111.0139023,0.068192175
-2.876819386,-13.33063055,-22.6239751,13.63876423,-7.730485667,6.982598843,4.918355945,-15.14648466,15.40221704,-6.786707865,-48.80913024,-7.697124929,-0.600730726,263.609521,-4.422381479,-12.2668237,25.44033758,-12.11512673,-2.087374215,-8.076424478,-1.493010017,-41.75708916,-0.951264153,-223.3602418,-140.7666799,-21.89129698,4.56415544,-1.72262509,17.86299719,-227.8695552,-1.177488742,32.07697413,31.33856593,-158.5253634,-0.713131646,-3.447710731,-110.3835979,-1.060562939,9.825173404,13.10847898,10.27442488,-2.095604919,3.159857516,11.70889992,-9.319481713,6.709563564,3.128990157,-6.240954859,-4.940189717,-2.144187695,-2.421195997,-15.81310454,-20.23421311,-33.53041939,3.468115777,0.098047421,-4.051104555,-1984.198291,-96.84908833,-227.6466786,5.271030552,-1.48055168,-31.53329013,-10.66026499,0.068571092,-7.63570774,19.64042778,-11.20015508,-134.2112044,12.91448188,-8.403573673,-228.5437247,36.76338545,-29.06027534,-5.693823336,-40.94427231,78.48550002,4.212341723,30.722895,54.51080307,-22.25212064,-4.706328218,7.491252003,2.419865059,-85.09669017,-10.68942026,119.7577182,-5.349352617,-12.30346593,-35.89552719,-324.3880704,1.389905437,-39.6061342,7.622021812,-6.874592258,94.6101742,0.122299244,-859.3859841,-6.174470896,-3.173576853,-19.9636572,-743.8657924,23.33848398,-619.5346944,-33.20329378,-1.38094608,-27.31772479,20.69984088,3.340602234,82.91383873,7.550293147,-7.250103635,12.43160106,-1370.660899,9.616383456,9.223300269,0.242107169,-8.46606865,6.185560816,-20.56269079,23.37381894,-378.3849816,22.43555186,-2.679596873,36.59712216,114.0258226,3.308727123,1.391300387,16.71458477,2457.855426,-13.23866119,-8.627472351,-1.571617907,-1.567120876,-13.58867401,0.360542077,-42.37064564,-510.448321,-42.55425812,-8.906234322,7.548850009,5.457596728,-35.38465487,-41.92016609,14.06225346,4.461845846,-8.4564441,23.70547217,-7.81225607,-1.915182264,-32.43081817,0.801993229,-6.7503757,-1.794474622,-4.147875747,-48.94196259,-42.43374967,-37.65897114,-12.46395737,8.575013328,-8.567707629,-9.328981619,39.02401412,-3.862219504,-7.973538473,-7.16908167,12.88032264,-333.3319669,-0.862366475,0.384287767,14.50784722,187.0381299,-1.198739188,-7.097398648,3.031375294,30.79876719,5.945038761,69.02522833,13.25362173,-3.240480734,2.580749572,4.317165902,12.05177074,-3.901600294,-0.455609129,-1.984239642,11.98104002,0.346766667,-25.2141322,-29.05168728,-0.421869205,-10.66815182,20.35956174,10.08304546,3.882680683,-16.60076175,24.75103196,-1.694657878
-7.383983555,6.711053045,8.992857666,-14.24865475,1.390240552,25.0876635,2.58504297,1.183463808,15.12395842,2.329397893,127.2925398,10.67194636,2.320673631,88.81989576,0.400431934,-1.963945916,-41.56401388,56.12329315,-4.828750942,0.619375193,0.300306607,-68.85382883,1.439558888,-141.2598923,-1.024054876,6.253163053,-0.220374048,2.664499024,-1.401867192,-235.7396773,-0.331853538,8.405285962,-6.840984872,28.15645913,-1.437902179,-1.462671147,22.23002388,7.027271455,-51.88914924,-6.80243319,5.863830504,47.56784598,-25.94860578,-20.82023282,2.248910611,-54.18740554,0.719222975,-7.292313527,-6.721126925,11.85691297,-2.264451502,-20.08749187,-27.69094767,-0.59658269,8.058350506,2.161391293,-77.3602576,-1546.137487,-95.73227429,-32.83165766,-3.610464242,1.40289803,-31.17020703,-11.54068009,-1.942233554,1.344200851,58.71805106,9.708777012,-2.326555166,-41.71979732,-28.41689336,-92.6665687,-3.872008414,-24.73252538,-4.26785007,-46.70690775,-341.040454,-9.22473162,-18.31874962,-60.35835178,-5.736757287,-0.013004237,-26.87697297,-0.057258751,-48.69435161,-1.793149414,-80.01645454,-12.78264548,0.403734133,-17.79700052,-168.5002477,30.19782033,-51.94335666,4.211796249,-14.94997201,-35.70623646,-2.639815316,-150.2283339,-4.441607345,-2.013361686,27.66028298,-2640.81012,9.105759394,-1086.436274,-11.81185037,-1.703308132,46.51325201,0.353532669,-2.290683233,-126.1643209,4.62112031,-2.396049035,53.9219967,-879.4590428,-8.724728796,-3.630506406,-3.669535494,3.578600046,-17.32258499,-53.33537297,119.6686946,-913.0068293,-8.498909856,-16.14967488,-80.27591408,-123.7350466,-12.74939415,-5.270739905,43.42646003,390.6651238,10.48886027,-2.361325815,-0.883763792,-8.380729606,8.638871928,-2.521856187,17.26102254,448.677681,16.51551425,3.856196289,-12.85353858,-7.435375363,40.07406286,-9.175420729,-26.43745482,-3.263347282,-2.374515392,-42.59362647,-2.842432823,-4.063063372,29.38111988,-1.475604408,-7.925956085,0.673782934,-3.377693023,-7.468003468,28.08293206,-70.21915018,-6.922705899,-0.684812564,-1.661098685,2.253304608,2.581759293,-1.737480123,-4.460742194,10.63360154,-56.14403844,10.19838842,-1.416716259,0.649539703,-2.531897886,-91.66200825,4.490673502,-10.13659227,6.659420129,-16.59609349,7.139293176,-71.6481864,-4.626820356,0.022207597,-0.850007415,-1.552523501,-14.01383498,17.41992081,1.342734799,-0.878636819,7.27725023,-29.22911013,6.027160267,-14.82808159,6.970587664,41.64867007,0.822806402,-10.759446,-3.244440229,9.637137678,-125.1295608,-4.891980216
4.17706551,2.195048207,-1.200865967,-7.308975624,-6.263120762,-163.0183878,7.904691459,0.97567502,-1.72725723,5.038534796,-1.537777118,5.708796271,7.645007868,-23.5688465,0.099335473,10.52404184,4.621826992,38.66087064,-1.514804898,-12.12586351,0.460564722,-42.96718974,1.7173997,185.1608457,-111.8845155,-3.943162293,-2.801035055,-0.519994017,-41.81276951,-128.5046986,-0.019825632,-10.25444177,8.946097092,-28.97873731,-1.566949619,7.662103014,-120.3106906,1.607692527,-60.1184025,44.04386846,-17.92102107,-59.39759608,-19.53241951,-31.79815479,-14.98724634,-28.74521535,-0.410880461,5.103810111,-12.01779434,7.106221055,1.379867951,-21.00856738,-6.372463551,-20.91097345,6.726580603,-5.9253862,-3.033452731,-1590.581832,-43.71063156,-131.2485979,-11.18401989,-9.867537413,-126.9787711,-80.31206781,-9.671464384,-1.560473208,-80.22449229,-19.56440839,-260.5894606,-34.53535493,-55.40059168,-452.3520124,2.231872157,-185.749702,-6.519975968,-100.9847696,-1166.40067,-32.43970576,5.342354694,-54.02860862,-17.8313255,-6.290590464,15.96151819,-0.505615835,-60.2602874,-11.3209398,-50.68702502,-11.08167455,-4.045074485,-63.67547833,61.3235948,-22.05063148,-46.7725435,-6.980750134,-1.706634228,-61.90835402,-13.05906299,-1565.857393,-6.992353053,-0.075991281,-22.74201488,-3787.553855,-10.77561618,-1545.267854,-6.514847075,-12.02438019,4.854895256,-45.80989125,-6.464405012,-24.40383644,-11.04239519,-3.736814925,-147.6824005,-971.7357002,-44.04489953,-9.264664816,-2.455558684,-4.131195451,-8.472694691,24.27821574,-89.87035147,-892.1374949,-53.48662519,-26.63570652,-81.34137429,-36.51108656,-31.39288378,-1.106572917,2.103795317,-1232.567343,-62.3785288,3.767238244,-1.304409584,5.029196302,-7.721196777,-2.377574199,-23.32017164,123.0822235,27.15614828,6.121544126,13.53380385,1.565653123,22.90388964,18.95106627,22.84339031,-2.282297543,-8.14403868,37.92002037,-3.232106495,-2.94960707,-4.993752223,-1.64704083,16.0076942,1.837160922,3.718156036,-57.24051191,9.708240447,-138.1203533,21.72326367,-3.572553661,1.175821469,-6.769645043,32.91123689,6.617142745,-5.100395099,-11.75145224,-175.7498304,-724.7423259,-0.328495642,6.572665705,5.041595052,-168.0606108,-27.66952363,-4.705784989,1.545886876,-33.88891015,13.16485048,-75.56146823,-21.08485313,-3.413875808,9.061615124,0.965630925,4.370713421,-47.5056437,-1.868691264,-3.462083331,-17.01949875,-10.29895942,7.995262455,-63.02216432,-2.434499633,-9.340830598,-39.96504974,-0.669254218,16.10312909,-4.185452526,-57.45701056,7.453243272
-10.9511596,-0.934594149,5.462080922,7.218806972,6.005007908,-21.30181148,7.210197301,-7.389897134,-0.651970062,-5.637430072,-65.42588248,-9.059960917,-2.375611262,-182.2968905,7.684712057,5.118182917,-18.33035207,43.54252614,-0.35101754,-8.591821684,6.643869549,-37.26025439,3.309068332,-177.509397,-66.61969335,-9.348399725,-1.468032704,-1.756918746,-26.85480576,-157.1535138,0.17078984,-13.97594139,-3.758095262,-51.03064937,-2.012767618,-3.148207552,-98.82383541,-4.01199924,-13.20841284,-7.318967603,-6.726712303,9.960116089,-38.94652546,-35.17619855,-2.160508381,-8.087691128,-10.6597823,-7.833681067,-13.98496823,3.315196157,-3.168377346,-23.13141784,-15.3254909,-36.86416437,-2.561043562,5.546022736,-20.30541291,-765.1306818,-2.16604475,-573.3078225,-0.705293695,-7.587753815,-60.78068825,-21.83364179,-7.510992981,-3.854415191,-11.46669101,19.08873046,-64.97642898,13.9264685,15.43414647,-645.007696,0.869493796,-120.0863294,-5.219464245,-73.81201014,-903.694834,-27.59475977,-29.62749545,-28.09427814,-7.300839464,2.911016572,-20.25484725,0.505713597,-35.02139662,1.545279651,-8.829695864,-4.249261907,-13.52937039,-11.80999167,-209.0207514,2.917055588,-14.27407581,-16.38495916,-9.949856314,-72.6483535,-10.8782389,-382.0916033,1.898193826,-6.040001741,7.850891085,-4507.079283,-8.332872084,-1056.968576,-9.213686847,-14.422972,-10.37753867,-19.05345736,-45.88921772,183.5835212,-9.322212756,-3.511662512,-89.98227526,-738.5559367,14.86133272,-10.39598574,0.342743032,-0.135041372,-19.21797054,-54.81443977,12.587411,-851.7870861,-46.73836564,-5.369668111,-30.39419467,-19.74131701,16.14025416,-0.128427263,5.453401735,-372.2341499,-42.71561633,4.224870003,0.945274152,8.620468496,14.82955982,-2.296979455,-8.373766774,326.5691564,33.7549122,3.112351739,-7.669698502,2.971405026,1.055384925,22.92251464,142.5795536,2.176638144,1.983306954,-8.980511458,0.796214878,-0.929278134,-3.742930207,11.7383251,-1.150016244,-3.214552487,-3.504432683,26.29516398,-9.242762864,-30.88115677,4.059866072,-1.303263917,6.000590021,42.06335402,89.1409907,7.706921817,-9.710765108,1.769080604,-72.98918886,-146.3715384,1.952464213,7.006782116,-1.503472519,75.00785492,0.01087638,-9.845428951,6.788044119,-0.075787293,5.2473149,125.2530063,-17.48643871,0.120694697,-3.984387015,-0.805901018,-5.894256519,-22.08944976,4.21729978,-0.016354348,-8.786745497,-0.542136206,-20.54852479,4.001023421,17.19413162,-45.07024457,50.65596911,-1.377625952,-9.578344648,-2.57999858,-26.03479093,-3.762122168
-3.916056164,1.220796173,1.723127943,2.16039276,-1.213723258,196.7598023,6.040624978,13.95228462,29.37334491,5.262075182,-12.30696965,-1.991967436,-25.30441007,131.8259258,-0.563984377,-4.751287313,-38.88095461,243.9937161,0.133492208,-1.973911626,-5.088016699,-39.48115802,4.921876641,-177.4031546,33.13474261,-5.724702314,4.598155228,-1.759670271,6.919462293,193.695798,3.661852454,18.14122386,20.4744116,279.5429091,7.677233652,-3.045030005,220.4164057,0.616026358,40.36873816,-38.61266966,31.67428378,19.14811816,0.84872463,-29.73913503,-0.82537178,10.69226525,-13.30942077,9.132080654,10.26420905,3.239830906,-0.489390727,-25.1522277,-67.43371096,42.5283283,-7.968459674,5.714092793,-40.37015886,1246.991919,21.3006552,63.13172212,-13.36971251,11.53655167,37.64903306,-17.18146659,-21.79693496,5.340146638,-7.440129649,-53.56030358,27.03079773,1.736027847,-18.66309745,-619.793685,-9.650412275,-11.63215439,-3.122042434,-73.9562289,414.3066104,92.96210146,-22.15430594,24.58339577,-17.27603219,3.293165386,1.361581056,-1.601979774,34.44956272,-18.30487993,41.47213429,2.929635528,-12.93945386,23.92221183,233.8941207,0.320144362,-47.02316345,1.980070313,-2.05605567,-26.91004886,-19.43915987,-699.8759951,-1.618205129,-1.209127359,-29.59460185,-882.8328651,-1.07575099,-498.6467413,3.872017049,-4.429413239,-159.624666,258.1315971,4.959556958,-76.34554643,0.472411921,-1.243598654,108.9331177,-33.98012882,21.35877528,-18.63152429,-0.36219553,-4.076482656,-2.11981514,-23.76169125,-23.70338658,-205.6373865,89.30593922,-7.701787802,164.6251356,7.751132374,-11.75411001,-0.533564405,-7.183335893,975.4013349,59.69361919,-0.98534928,-1.004288288,28.40527056,-4.640851998,-3.192377867,38.02612824,380.0400178,-19.62988505,9.132242046,3.917966682,-9.504789182,15.96075425,7.248885404,22.88861559,-0.453285155,-12.97333019,-49.91165465,-0.697636912,-3.440291735,24.24877329,-2.83037947,31.1379888,1.434755721,-1.616442616,-14.98009382,-6.323033967,-20.5151338,-1.016001441,0.81631946,5.158079818,36.69325207,-26.45758154,-4.955861378,2.722336621,13.52278455,178.8304205,421.6212533,-1.117551378,-1.153048166,-11.12007593,216.6285592,4.734340449,-5.013346632,0.033181641,15.56315378,-7.375092305,-21.00008517,7.312252336,-1.701000969,5.98119283,-3.22804412,2.221344937,19.8759305,0.544771163,0.850484459,-0.560006446,46.42598027,-0.31038995,-13.90253585,-5.099916059,73.86617364,-26.14088992,-5.93151126,26.68605646,4.955985276,-55.39486238,9.870846394
8.751337074,-4.779244739,-1.276123929,22.23934903,-7.310973053,8.50798664,-17.87361288,-0.456679217,-39.67427961,3.111312967,-69.41083735,29.655092,-2.23269953,-107.8540639,-1.0912735,-0.877481435,2.51724846,-83.65084268,-13.60258066,1.129311672,0.740506074,-53.90217041,0.560285817,-318.6667262,-126.7393317,31.23108565,-0.715806757,-1.393517216,-12.0787118,9.548223416,-1.696939329,9.136042279,217.1324192,-44.09390612,-0.770976803,-7.141334426,-10.40691996,5.413809283,-35.64539126,-30.70138985,11.84724768,-6.827490394,-26.81880472,-35.47791623,-14.57903607,-64.40344191,-20.66053123,0.330747707,5.056363787,1.993948188,-1.743176917,-8.556570413,31.97584323,-30.0118171,-9.568323296,-7.482168,-8.646185781,280.9954227,287.0633913,-100.6674211,-2.860092223,-3.505713733,-1.274892711,-27.32946942,-47.323038,0.218751589,22.5286623,-22.67734319,6.725774753,-13.05917117,-16.76306825,-60.05611656,6.531168388,-9.451700192,2.486114731,38.06401475,-419.4958613,-0.952405042,-18.08512216,-2.845171902,-57.14225229,-4.133567305,10.95062983,-0.762189338,0.295610223,-7.177913687,-19.15299521,0.636954336,-10.62651373,-16.42889288,-94.47283799,11.20637473,-33.70896802,2.629716369,0.176667626,-8.633965002,-13.57052371,-442.3293618,3.581931434,5.512024603,-21.14769078,-4065.860938,2.594373466,-660.0005608,-9.034127629,5.336276659,-96.25680313,167.3287543,6.131572537,-142.4822837,11.52708907,1.823473066,209.271826,-593.0754787,-25.52188165,-9.100835633,-5.138466156,-9.282043243,-10.58425532,-36.20271692,68.54308952,-271.6850468,93.48920657,-3.208959806,-68.19518466,-192.6178892,3.036411054,6.991425454,-168.0325609,3981.829454,-2.171483218,12.70499517,-5.264755269,-8.821705722,-6.257180444,0.896565339,7.297817055,-383.9431584,-12.84014633,-4.375388467,9.898802024,-0.693475076,-19.89790311,-36.59831844,-245.9681246,-0.540323071,3.838791845,-177.3236178,1.258145569,1.305233719,5.267936439,-4.271911802,-29.93548617,-1.374355834,-8.363359874,-2.341334755,-91.44598394,-27.17577756,8.066064049,-0.452515551,-16.19532486,-30.27458164,-300.277287,1.309733368,-7.292381883,-23.33105973,-144.0446495,915.9183405,3.491737305,-1.187790042,2.474702356,124.544951,-3.045500684,-1.260797378,6.38505557,-16.76691428,-4.820575524,-100.6990748,-5.230064518,-0.534731132,-7.664151368,6.768530524,1.238349988,4.921370621,-3.614918484,2.339249897,2.519483029,43.73340415,-2.925838775,-44.33281847,5.096206356,21.21661289,-8.722997749,2.373747316,-9.21871742,-9.495382668,172.2276495,-7.610040097
47.04016502,-5.244059369,-8.634154701,-34.13769542,-7.923242478,-119.3285392,19.68677579,2.105854424,4.303124453,0.378996198,-164.0217212,-13.50322702,-17.02946491,-23.05551509,0.251396451,-3.899366585,-6.750988143,-118.9209526,-5.756272962,12.81679162,-4.886937638,-46.66210876,0.86069145,-64.99652691,-15.35116672,75.61362407,-1.588838858,-0.515037848,-18.21933174,-315.7763826,0.154473534,3.545935153,117.9131704,-51.68460544,5.99766393,0.548920312,-111.534526,10.52263799,-11.80865622,-25.37121372,2.609611505,-0.892138189,-41.67341713,42.66006566,-14.49838189,-35.28321505,-18.3086359,-0.986907936,-16.87376687,-4.430342919,-1.61988417,-12.14377544,-27.93027643,19.14340978,-7.103870619,-8.690921377,-1.082029949,-495.3573404,385.9385372,-52.96489881,-8.045667179,-6.118537777,-14.11771556,-14.75117576,-14.58392249,-2.932893633,-9.455407303,-35.9631829,24.6237269,-27.38436756,6.443066115,-68.09258975,-3.019083307,-21.19338609,4.118038763,-75.76089464,209.6812292,-29.42066513,-24.18671961,-20.0898674,-28.10491909,0.715127458,-21.56363698,-2.213703747,-247.6580247,-2.603318391,-4.943212914,-27.18023505,-17.6670966,23.01340681,283.9858247,18.87961922,-58.668573,-3.979280649,-6.648003549,-39.523464,-13.9627943,-541.3252269,-9.616084793,2.009824818,-36.78568554,-1042.746359,-7.035405793,-706.0862151,0.199418119,-9.221867823,-48.34355009,5.696638593,8.54681521,-186.8735521,-11.30668429,-2.7250683,36.7520365,-908.7097538,7.262156768,-13.96989204,2.941539305,0.384796654,11.99163888,-26.96439172,-2.952499862,-216.729125,40.44995801,-4.114854093,-140.2775198,145.650097,28.00339927,1.425149952,-15.82280839,892.7222846,61.40010967,-5.558057622,-4.891012454,-14.8894838,-5.421901078,-3.213191812,-9.349309909,-331.217173,-7.873468495,2.285806635,-9.481203899,0.22621752,18.21945452,57.1122924,-88.29815006,-15.66407994,-10.0521784,-116.3319798,-4.897190583,2.667991726,-8.448815899,-3.254198237,8.057048966,-0.334876362,-11.85085001,-42.93512925,-6.02765472,7.516090222,-9.467426405,-1.579091814,5.500574176,-12.75847849,-70.5475444,-4.438924324,1.372957319,2.034564889,-150.1623101,-227.0549051,-1.600398637,3.744023465,3.999092163,-71.43483324,32.25748442,-2.205181151,2.445918419,3.520713451,4.433647769,40.80670133,35.78564796,1.581292215,0.086950207,0.306698515,-12.69020124,29.16708517,-4.127941593,-5.414410495,-5.536631646,60.42407085,-5.935612683,-15.83027528,19.71118162,67.13701935,20.25694356,8.20257647,40.63978675,-19.30841475,57.2398482,-8.960749918
-13.92147317,-2.378927686,14.11188888,6.350174202,7.57308139,-196.7436231,-32.35028106,8.832300134,5.219929263,-7.972467954,-196.6391675,-2.969806867,-7.146351484,-147.7143034,1.127641889,5.035264114,-152.3865475,170.7764624,-2.952335739,-12.68967621,-2.889681611,-60.51515656,-4.018076993,-183.7140268,-156.0347235,5.358858461,-1.350608676,-2.2868388,-41.19933049,-11.95731768,-0.626397224,1.095258873,373.8635225,-11.38661613,-0.424922674,-2.002745017,-146.1276797,14.25336622,-15.3291701,10.24016028,-20.03863313,76.65797963,-32.53331104,-25.33267239,7.354347751,17.3376948,-23.79080508,8.267300108,-6.609028231,0.297226462,3.303581185,-12.29612336,-18.59753144,-9.325079749,4.152850127,-4.947142908,-113.1862811,-1236.66412,423.1393073,90.96077028,-1.092366287,0.055879108,-18.82488804,-45.72398288,-16.73821109,-0.212382287,2.903949161,14.58447253,29.54673369,-35.15192656,42.81838313,-419.4082151,-7.043694707,-82.23947945,4.427843061,-13.56087326,41.53392216,21.04628597,-18.82411989,9.201746104,-21.52047188,-7.239030905,16.90654975,-3.200418799,99.53379691,13.46976651,-49.70787279,-3.170912913,13.96588262,-22.67762148,331.9486804,5.471925294,-51.88583511,4.404567551,-8.671220353,-69.71147162,-9.653006549,991.4057567,1.556158276,0.430060961,16.40241023,-1608.961781,-6.952063674,-482.3956991,4.062246636,4.438782775,-71.04601187,-227.031902,24.76482172,-82.51700549,0.808224761,-3.813894121,-143.8219917,-14.86959648,0.255528969,-1.896832578,1.863699826,-1.257473381,2.720967594,-38.60431094,82.3819356,-411.856497,54.01598844,-9.102187881,-53.63445488,-5.942945606,-12.94478394,-0.37209409,34.51939554,574.9498212,32.34576982,0.650429619,-1.078445791,-10.19344903,-15.10563409,1.849409304,-14.57663515,-61.65536728,-16.6259333,7.974135126,9.8817635,-5.922522259,-37.91089194,-31.38017168,-103.3038153,-8.598252979,-9.180688002,-145.5465548,-6.046531937,4.335994708,30.59609211,-0.043759118,-60.1910553,-0.22584916,-4.055917754,12.12076318,-66.4589946,36.54717071,-6.301799896,1.623464234,-7.381162813,3.933435386,22.03411533,4.541801492,0.924376848,4.314819064,-92.78932461,-274.8737415,-2.984072613,-5.850193969,-9.404952913,-152.3909943,21.20535262,13.13713564,-2.542590331,19.70742495,-1.685733295,-34.88081586,-9.438015166,-6.43655701,-3.550393611,-2.89938461,-16.03773248,2.213729997,-5.498690612,-3.24637624,-2.758330313,-15.70516395,6.893380479,-7.68121546,6.252160334,34.96855565,-45.94742608,-8.654041371,7.224580514,-5.564711167,-75.09910619,4.283761865
11.50762314,-0.171630617,-16.10975712,16.73080246,4.6095726,-33.47283273,20.61415234,-15.78694596,-6.729697976,-7.862357768,63.7712926,-2.260933923,-10.13853883,-38.12045968,0.150610793,3.215568119,-8.66636592,-79.94271612,-7.828670125,-0.186520081,-0.369468475,-43.82201957,-2.703773982,-235.1904882,-77.17652147,21.64545084,-2.58093068,-0.684091998,19.05298042,47.71467111,-3.809175843,-13.67355995,-29.35155971,-38.03177564,-3.187047557,-1.33657066,77.17182617,-4.07191314,-28.40469564,2.349694464,-0.920054555,144.8960037,57.73037709,12.94666881,-11.67685247,-36.39484606,-4.64120703,-12.00575908,-2.382695362,-3.138445263,-1.08634393,-1.535235,-33.03548664,-16.29303695,13.38189484,1.289515325,-31.18801296,-437.4825184,87.33770167,-98.23995988,5.716273691,1.951684238,-59.11958897,50.04954183,7.286555735,1.079917462,-69.6039991,27.07498218,-82.16596812,29.9555051,-36.35146033,-190.7943718,-0.624898313,-82.43081947,2.090799446,-20.27511987,-336.9429194,-22.68600815,1.468068803,-39.70296367,-29.41184993,-2.032161435,-23.7687325,-3.98022298,19.07630154,-5.918374138,38.6858453,-6.00564619,13.42225391,31.72504917,-80.76433494,-11.23543504,-49.05934771,4.668360846,9.145896615,-9.188231005,-4.634446283,-1759.328601,-3.149270692,4.006865726,-20.16832962,-2381.425763,-2.890085242,-532.1777644,-13.09202562,-3.370255879,-0.945596785,-140.1239008,12.65142409,16.41686002,-9.375672075,-1.358077011,26.42957253,-525.9166725,-3.615492468,6.309078161,4.158957627,-4.916900611,11.38456462,10.47876351,-216.1836914,-499.0057923,24.87340808,12.34103932,-13.80894442,-54.5887922,-17.54644855,-0.856675159,17.00441819,2135.347396,-28.27586344,-1.188000126,-4.232281768,12.31614509,8.472502034,0.77077685,-42.06020808,-133.3691132,5.65524106,19.2380964,2.283616217,9.657432394,-8.900053959,-33.83941217,-3.814045182,-1.367028628,-3.902872926,44.49726727,25.4227664,0.831076032,14.39844877,-3.253284476,2.838946814,-0.384270323,1.189185465,-15.7145035,-23.46776907,-139.0256579,11.95389996,-6.647326344,-7.365172232,-19.25828806,-14.04733214,-10.32016301,-5.180490906,-21.38552147,-142.3338324,85.8078496,5.444199687,3.781356385,10.16653713,-2.23855212,4.170405669,-4.798529845,-5.997063175,-6.786333413,0.866648229,-22.58425289,-13.79558511,-3.980954283,-1.498558045,9.871077955,7.075983181,-45.63629098,-1.968019588,-1.830048422,-5.1854815,-27.3850123,10.29269418,15.76663096,-8.905379024,-57.2838424,47.83382927,5.04283984,5.807468756,-2.326916334,124.379584,-0.401291891
0.458371697,-4.271611244,-1.298325433,-24.25809933,1.798087418,0.066068928,43.2328718,-12.87201482,8.32255729,-8.113136999,101.7397109,-7.990900939,-2.202736002,-101.7239375,-1.946105336,0.331121101,-23.40146163,-29.45725524,2.422481935,6.5485464,-1.104936532,-49.89729794,4.987788808,31.02721239,-137.3628776,75.22312763,-4.633355577,0.259263525,-12.92662038,-92.71213381,-1.566464024,0.842858715,-29.08415239,52.59309697,-0.937221144,5.402036931,-113.2079721,6.328469038,-51.77092711,9.788991548,6.726488683,1.95836468,-74.03298257,-29.16589345,-8.385247419,-32.76464302,-21.01173418,-11.43019856,-12.26193893,-1.666095205,-1.797921224,-1.658088103,-2.146931235,-45.85608585,1.506348468,-4.609262449,-50.17188771,-1358.058081,-179.3478342,-28.065062,-12.77600895,0.320152569,-91.21356988,-53.9515164,-14.23471253,-3.209937452,-30.13103376,-17.00441342,-97.46401465,-24.0809284,-31.77213257,114.8648267,1.03536855,-151.9835209,-9.185036895,-37.25884771,-1103.525614,-19.90591312,-36.66888458,-40.31575858,-14.0889524,0.728806226,-1.716997773,-2.20997817,-72.36170698,-10.7190165,-19.86176699,-18.44177328,-12.40157039,-49.52396509,-85.89031101,-9.05117228,-44.42436713,-17.33931685,-18.58417784,-62.92788103,-5.607620623,-114.9840597,-10.01145085,-12.93769417,-1.238581827,-4490.7904,-9.946468808,-1165.674346,-12.43311327,-10.86140161,97.0279834,-129.3089284,-27.16747179,-105.7397809,-11.39291635,-4.547340954,-188.3772257,-853.2285148,-9.066525392,-18.71401802,1.789825316,-9.890227779,-20.20060007,-39.03464933,2.476713016,-714.3194157,-80.21568665,4.221078265,-30.56825962,-129.6335455,-25.00941612,-2.701540821,-1.089975892,-1669.791545,-91.22534602,0.874449709,2.288156833,-42.19469287,2.35246158,0.102998577,-26.73926594,130.6777103,15.82778257,-8.092492999,-16.23942075,-5.882476409,-12.47670809,-21.68064139,42.37335309,-2.347518719,2.234909791,58.98964994,-5.325979616,-1.892442476,-30.99341436,0.727904175,12.74403966,0.25000289,-9.693582276,-3.727528359,5.994293287,-118.2541989,10.36916794,-0.61551094,-7.242474781,23.8093779,120.1926203,-2.195373349,-1.707604524,-6.747061318,-212.4458771,-533.4581698,-3.519926275,0.957627474,-2.015432418,-54.82599622,21.89879599,-12.89639295,0.031240016,6.972196196,8.417883068,-4.236350922,-7.556045616,9.832796963,-1.930010931,-5.286152367,8.036872235,1.159116175,-0.915195318,0.065323989,-26.96497063,-16.11842091,-11.86114594,-56.57306767,13.05895257,0.449110175,-74.63231761,-9.792845385,-55.29434363,0.414958814,-32.63504275,-8.043693283
3.631007551,4.6235349,-4.528041878,13.39946735,-4.875104835,158.5873536,10.95617232,2.339472937,-10.18750724,2.418165718,31.32847987,1.049618019,-0.817178208,-176.6611852,-1.125735627,-7.331891268,-21.02041133,-0.515508009,-10.08037976,-1.473317735,-1.295064925,-70.74277573,3.235717431,-166.3833266,-33.16547015,-44.38885233,3.732033214,-1.475034357,3.177641549,-25.89853715,0.170479312,20.26494514,-37.43332516,44.56223703,1.553685885,67.06734468,-29.38639927,4.668415203,-32.9900433,-14.09328072,-26.3125313,-42.40172074,38.67138075,-2.053170775,-14.24101777,-33.7001165,-8.314969487,-7.489548287,-1.725365643,-11.13753081,-0.668718321,-20.64677678,24.82043696,-35.6614359,0.802989035,-8.718011223,-39.71882224,340.0411135,-33.42611053,32.12797949,-5.359258428,-7.710785908,-56.43040506,-33.69289616,-21.24458039,-10.26537415,-49.09684043,-26.97785752,-78.95986746,-9.416280908,-52.20749643,-294.5114701,-2.006884097,-71.95611001,-4.18096137,-39.8786441,-858.0576758,-16.83534118,-22.92133625,-47.36995704,-32.35531674,-8.668229086,11.42744298,-1.151023696,-132.5998749,-18.95561682,-23.92769246,-26.05796019,-13.39214855,5.070041213,-126.6341035,-6.741429866,-73.20060366,3.221746866,-3.306172055,-53.04247197,-14.98929614,-1603.82598,-10.65228823,-4.79708491,10.11828404,-3771.236503,-0.693501133,-980.7170994,-12.10231735,-11.71005063,-61.8203248,-38.06717868,-25.01846593,-186.433562,-6.176060207,-1.465155596,-39.91364425,-957.8491351,3.389655028,-13.7946117,-3.492070799,-12.2354627,-20.97790771,-40.62226188,-231.0795529,-567.1531463,-62.09823401,-23.48701843,-17.67886211,-353.8489883,-23.52059079,-3.65135393,-41.90943565,-2265.310006,871.1836844,-6.777484071,-1.755655582,25.04948251,2.828892653,4.7435799,-24.98182646,262.794314,19.89065213,-8.852553334,-4.1001102,-7.397947064,5.183291205,1.724130873,-65.55045922,11.29345497,-4.912833076,-5.129758124,-5.077875714,-2.097020389,-17.06002133,-2.17151963,-19.73756594,-1.817211069,3.594442043,-11.82862377,-20.64985171,-85.01165967,-26.73625735,-0.707725355,-0.884229841,-20.44710317,-55.07999569,-1.366271645,-4.603919282,-3.468324769,-134.643051,-495.5140199,0.95628349,-3.338679933,-9.563948134,-90.01862476,13.84510769,3.154793025,1.594486891,-1.037240477,4.339769847,-10.79495474,1.173075581,-3.615162715,-0.139472594,-2.873301008,-8.934486428,-47.44099936,-2.673349446,-1.005994875,-26.26889374,12.97469219,-40.5505154,-12.70748745,5.533595037,55.68370266,6.804703323,2.73400418,0.5661883,-2.202132741,-112.3248694,-4.283295017
-3.792597367,-4.112127024,-7.928511141,9.000139223,-2.338172702,-41.97209515,20.69271803,0.558226912,13.13739346,-8.825776833,-70.91048263,5.322152519,-14.46479844,216.0312934,-3.856917547,-5.061968307,-14.62018901,-79.74760181,3.918303383,24.94793959,-0.451616094,-10.02829557,-0.447473012,-160.6107834,-16.13736266,56.47232552,-4.918132366,0.88219279,1.645463145,-27.02442744,-1.187745488,-18.75138013,18.86976421,-143.8716411,-0.23122746,-2.248247474,120.8929801,-3.26011769,-34.85679902,-35.80720132,2.022491044,3.079636424,-18.30626224,29.84014198,65.45062523,-2.953299972,-20.27392018,-1.258469969,-14.6317153,7.569336619,0.021005105,-3.122082157,3.311369241,-27.68731184,-1.161622375,0.212973034,-33.94412933,13.74824675,27.82843398,-99.31489484,7.35376289,2.799720259,21.14499195,50.50158782,-14.62525258,2.92597257,103.7869279,-30.61006843,99.76259552,-41.04431465,24.16068307,-1054.397442,-4.875907261,-21.39309254,1.576017166,5.930020712,379.8086377,-10.5289016,15.66996472,10.49597026,0.459558322,0.294131622,-5.392814504,0.625380219,68.27205806,4.274991598,33.31270604,32.06203426,15.71959287,0.754506366,691.37572,25.34663573,-51.77658504,17.75780012,12.19787278,-1.570295784,-10.4184398,620.5504439,-6.326318683,-1.243570172,-9.354397252,-2353.052845,0.188843529,-486.3783044,1.500979388,5.369160175,-26.61452898,-42.23013039,19.69947355,222.4999638,-6.320331395,-1.799906631,108.984914,120.0606176,5.478471499,17.87673436,2.396280372,5.023983954,21.52397081,-28.97312998,145.293926,-254.0935702,98.32893713,15.01144128,39.70947777,182.3801275,1.76605337,2.714075947,0.921255326,1374.362917,-376.9204816,-6.687557084,2.448536822,-4.246679051,1.088727405,1.568668967,-22.29292269,-731.3547374,-19.55463337,1.448497367,-9.321271467,-0.973153173,-49.78906657,12.47910374,-172.3841318,-10.40462172,-4.618191027,-142.7807978,-10.14493649,-2.232520534,-13.6800503,-1.764638192,13.18893203,-0.653600152,-1.633899269,39.9017889,-28.47203841,31.56751266,-11.32625404,-0.81398598,-10.73065539,1.625923839,-153.1024039,-3.352060077,-0.566692547,3.404736257,-32.06526545,-118.7615352,0.71736791,-3.092235591,-12.70363768,-7.486802345,32.68674431,-13.6655319,-0.28312032,13.49294182,4.301526658,38.72437436,9.879783551,-2.295884726,5.164963127,-5.482243702,13.67330427,56.85700524,1.661909114,0.753865836,-11.94093661,32.29307582,35.29701256,7.8341189,-7.481761285,-15.512141,52.23237194,-0.920742948,40.40800688,-3.511320254,-63.33042766,-5.14715504
-0.442194083,-1.702134392,-4.242654652,-9.683020661,8.016019307,-47.94298864,-29.32698793,26.93029866,-21.9238411,7.487121974,-59.43747222,3.320620196,-12.26446831,-34.12950654,-0.60782987,7.355082001,-16.08917061,-139.0378519,-4.820505093,9.101067702,-4.955344828,25.70977,3.97849778,-109.2812486,-10.03584099,44.8840168,5.675963311,0.072985909,9.877059604,-37.21518194,0.267716019,-1.3562438,-37.91979518,-53.77563875,-0.036911858,-4.109751212,17.61166643,-5.54457672,94.42509915,-30.93853253,-0.336457636,79.33927158,94.17191744,-23.55709838,-25.50309677,-82.57471819,-29.80124089,-8.902845109,-10.02101105,10.17156252,3.131350614,-19.05960565,-30.13337582,8.769107796,-3.976241152,-3.6376942,-30.5953361,1009.142337,-80.7134235,-12.43185293,-13.31378137,9.479194524,39.8445457,-11.78464888,10.36253809,4.58556622,-89.26537884,-25.93453203,69.45220443,-21.57520445,114.190325,223.1300219,1.13871155,-86.05277138,-0.735196779,-27.97138939,-0.047188084,-16.33273818,-4.215193196,-7.54549791,-34.59130825,-2.878836002,-0.003629733,1.36676046,-37.3399402,-9.082108532,92.18923585,-13.63361336,25.08800541,90.36794637,-423.8428133,9.352097429,-53.64016737,5.268631293,2.67620451,-110.5528638,-20.27792548,-1207.319745,-5.199402939,-9.151407073,18.37681098,-1111.498501,-4.250502606,-329.7805435,16.12769412,-1.338048101,-77.36012371,-46.85679451,-0.306544916,-196.7333942,4.149712617,0.68810828,-250.8391178,-124.1269798,0.670605956,-9.192927636,0.916134027,-11.37323741,3.507169389,24.02700065,-40.45900459,-124.4184463,-10.12406756,8.46956945,-142.1297577,-211.1226075,-3.079286277,-6.237268318,-31.89208412,2671.66281,15.98800168,4.680425926,0.30206137,10.75284222,-17.51833665,-1.017937434,18.1565592,161.7995856,7.073092909,-5.070836853,10.81441308,-5.739727147,5.864984756,61.28558336,-33.15163246,-12.60444656,-11.35817893,-123.9232548,1.052016803,3.977926438,18.50367657,1.355021362,72.92263606,0.552271956,-7.16218675,-28.11244863,-6.487172162,40.82957606,-3.637158392,-0.229441255,-13.35119016,17.20246275,-99.87155888,3.727268511,3.936002567,-20.36129366,49.56594905,-86.73805232,-5.432176668,5.272300481,-6.467541266,-140.150621,-12.55259724,-1.445545852,2.450322647,3.068599688,-2.497717564,76.52034327,-2.305372724,-6.897080791,1.130496744,-3.935097821,-7.838211143,-26.52154075,-2.551656627,-2.57217895,7.284459493,-4.006583915,13.97195531,9.300187329,3.128793086,-66.03259954,-79.28090992,6.766791187,2.763211895,-7.696378924,-47.24230336,-1.730858502
-11.87941789,0.841851441,24.73614437,4.262276819,-5.072957445,-146.3792386,-13.41773111,8.828499746,34.34272084,-1.701975851,-175.2853639,1.395514319,-7.367930461,25.63435589,-6.311256365,1.366117447,-10.33582893,91.02711473,0.880920898,106.7352916,-7.332895433,-46.47193186,-6.776666173,-196.2446343,-134.586069,21.11263541,3.819411968,4.05300732,203.2093975,-14.30218677,2.959219002,-1.71433357,6.182245567,-147.5029952,-3.244884043,-8.394813858,-57.6535842,-4.375396311,-116.4379202,-14.17567307,36.15980619,33.51259586,32.07086321,0.895943188,-10.30220066,12.36792252,-19.49632735,-3.599131985,-6.37268299,7.16998713,-1.366074264,12.09374802,18.92993674,-41.11389291,-1.467469603,-0.944591042,-23.95011889,-534.4189292,-134.4690448,-16.4531919,-14.11107143,-0.708397329,78.43531627,-12.50680533,36.53109379,13.30736872,-80.58819756,-22.79901914,11.05275251,22.44797584,-16.319148,-34.2401773,-10.04102185,-22.82722821,1.137611527,-83.12014014,129.9162031,-3.206625176,23.3566541,35.3771819,-22.44666371,11.67723027,37.19550194,-4.310082373,15.23339557,-9.273546356,-0.201193774,5.138300409,13.54797537,-64.71263593,-247.1326005,8.669712157,-65.23108386,22.28312902,-1.987939476,18.21011524,-5.596222761,341.3326583,-2.307757644,-5.494624641,-36.66928316,-1910.302687,-1.372992603,-564.1502721,-15.34182022,7.710188936,-140.5698689,1239.368397,-7.457959959,-40.68115108,-7.606253133,-5.719492725,52.74046775,1776.873164,-7.013322258,-1.654094422,-5.102189927,-16.05384554,-10.31674965,-40.68622815,-59.67456153,-104.7895235,-51.71782571,-5.688584734,23.65802305,59.36883107,-16.15086896,-3.995138378,50.75519563,4106.916521,-35.12186196,-0.811636448,-4.351645456,4.29489247,-12.08375218,2.26200971,23.95525206,-371.4092696,23.5486007,-10.73864201,10.1781707,4.365061688,-15.16335799,-25.5258706,-16.06607655,-21.49869121,3.979771837,-32.62564331,0.197641925,-6.311913135,5.531441376,2.086512205,-18.65496445,0.246916341,1.90202458,19.23818788,-99.39680766,-34.35065384,-10.00855468,5.400286188,4.990257715,-14.99362037,-54.49921474,-4.810603544,3.845454076,-2.53874237,-107.2620955,672.212585,1.358736674,5.214971469,-0.697912431,142.3914368,8.586809771,0.508603824,-2.106235883,7.382374475,9.885118735,-6.362525099,-17.32412583,-1.378643374,-2.798498805,-0.334393009,-7.919191381,81.28032033,-0.02202269,-0.077224527,-20.84672602,-34.73335653,-29.66943747,23.40673665,-22.65656944,8.173200404,-15.27610196,-6.662842538,-9.921506646,-9.509033171,210.0094175,0.896289813
-5.083620836,-4.800684073,2.962000587,-6.902005209,11.15937165,1442.681504,19.77462025,-24.01427214,4.051737256,-5.096901869,81.76326026,-0.69627692,-1.580567306,80.66658806,-1.531099427,-9.539117425,-15.65714748,33.36598115,-3.516879377,9.327593428,-3.40361536,-44.02144882,-1.479803769,-128.0895219,76.16597911,47.96781081,-0.588321042,-0.15140827,103.8596105,66.97934524,-0.695981539,-15.65128925,-44.03103885,132.9002707,2.352030759,1.458981428,78.24269966,-3.723550932,14.94732806,-48.30750797,-3.628091859,41.77061898,46.86680656,30.37300185,13.98490381,8.999289781,-18.68062133,-2.898650316,3.401962197,1.60808448,0.722544651,2.863215039,7.261184435,-6.203184955,4.076614376,0.506585815,-37.33884282,1977.879455,-171.3291567,-75.09726326,9.647697283,4.828863125,27.2418378,66.59604492,10.15953967,11.84589798,-12.1299873,-23.95559604,566.3041169,-33.19808238,-40.73944444,124.7643405,2.732613081,10.91798115,2.249565406,-59.61763336,216.1981508,5.264327846,15.34726147,-5.119729322,-19.0511071,7.091412472,8.55930604,0.189739652,5.195905787,1.328227689,-46.55424874,6.363120694,38.49503895,21.86778761,490.8173006,-2.738262867,-35.40589713,14.53874224,-5.461994969,39.31024021,1.838387761,-385.2024571,7.608658463,0.869473612,14.35455462,-924.8530708,-5.149709116,-467.315791,-10.11395919,2.603514001,20.61054849,-255.9256715,37.33237525,-49.28571437,-1.031011899,3.466114977,224.5856571,1065.150034,48.25203889,2.866257487,6.173360732,-5.969765698,-4.083497918,45.44043766,114.9421219,-60.37043983,-75.8276545,-19.48166839,7.773892059,430.2129322,-2.896021579,2.525578534,10.32887297,3448.016084,-20.45308507,-4.867949793,-1.754318796,1.672356385,4.981833609,0.251266349,29.12236708,177.4986491,-6.500821377,11.49148593,-12.08505347,-5.104619551,30.56766904,-12.54174771,-99.39782746,9.10555241,-4.182966549,-22.12861505,1.853304609,-8.637410892,8.499391617,8.225379771,60.03093611,1.202824024,-12.56679612,-24.65784784,-27.60928878,-43.58115977,-11.48800137,0.545212315,13.14675696,16.97442076,121.8507374,8.677385822,-9.090506489,-14.69079791,-19.94295324,5.295582633,-1.590669475,-5.96639694,-1.990661581,-57.78604761,3.407980139,-13.25911893,3.728878992,-25.72312333,2.239042007,-23.89062216,-33.06376894,-4.417045655,-4.954614899,1.766199835,-3.187467849,-35.95864083,-2.517439171,2.082026509,-14.4310594,23.54451994,26.43531639,17.14198511,-8.906948154,-34.48201117,-20.18991292,4.667590139,2.915914106,0.444333544,320.3538034,5.551835807
-5.706083221,-2.280457214,-2.324242026,-28.90598263,-3.242206302,-390.39587,-17.84883349,-5.202434691,-37.11141247,5.428837783,60.56845072,-3.819163146,0.412830555,99.67182202,-2.787088655,-9.345563245,-14.43980644,29.36810146,10.80931781,25.72098039,-1.58839793,-19.88616001,-2.425291858,72.442587,-60.88387491,29.62266886,-0.825621739,2.353695586,73.78360668,-118.6669604,-1.484231959,11.61639432,24.76658907,88.21491889,-0.658035957,9.97240565,-122.0922482,0.262725423,-84.62725969,-1.129928008,-0.304460083,-33.83268341,-34.71757036,-29.20371095,-4.637421439,-4.971287082,-7.106651772,-6.001981693,-3.169380101,-2.981368554,2.303014296,-16.76312511,5.477140162,32.73040318,-0.932832615,3.640043394,148.5714577,-1886.974969,18.69711318,20.04777398,-9.847670927,-5.603123472,-42.94744152,-55.99845473,6.605190107,-8.203674719,-63.24410975,-49.46882288,-465.045672,-7.018973528,42.65486179,-161.0346093,-11.44459681,-55.92864867,1.252124665,-70.33445579,342.3273223,-10.85046896,-8.048458482,1.266839461,-20.7146933,0.468326473,-3.927955437,-1.711097665,-55.30427817,3.819240329,-22.89716305,-24.86060133,17.61862885,-23.16685746,-124.712124,-9.680615104,-10.42351412,1.890524047,7.599307633,-43.46779743,-4.783333625,-188.8296054,-10.59864892,4.117648853,-29.25601061,-1193.566589,-2.337019073,-246.1454639,1.248518581,-4.131458708,-75.55469812,-173.2932356,-11.35191429,-64.9359278,-8.862523071,3.522590228,101.4562496,-1389.286053,59.558111,-8.252864521,4.96947915,0.780271638,-6.622215619,7.953135861,-202.8785769,-54.14751403,-63.01000665,-5.984663476,-75.60260708,241.3308468,-11.0563332,-0.32474219,-45.06412358,2106.879861,-77.59037927,5.663811193,-0.878335454,-13.23587621,-8.775769521,-8.363588659,-32.36692317,82.56487394,2.210359062,-10.23972869,-1.383036082,-3.292876362,15.69696711,-14.5562981,170.1407896,-15.26617279,-1.652444768,-6.228021894,-2.848570657,-1.130919572,-24.02702783,-4.078632724,-45.71105217,3.000026139,-0.108109179,12.48564331,25.50983195,-2.031374543,-1.511506038,0.191024309,-13.79118012,13.88657296,-14.93951457,1.305642693,7.175212577,-7.363630881,-121.2773607,297.56568,-4.012848364,-1.137419675,3.100815282,-43.43390268,0.733669269,-11.71230088,4.978349746,3.962073159,14.83511142,51.44948832,-2.52797875,-2.800360034,3.597626199,-2.421612681,-2.029805852,3.673176324,-0.025214048,1.659600914,12.56712949,-39.17856784,-30.57475967,-50.91707383,-9.736529436,54.14645558,-28.48688453,10.45979433,37.83602536,-1.962371457,142.3713357,13.62934389
6.9247024,-2.036360634,-7.940181912,1.99666271,-0.572533727,-184.9373313,14.47038737,2.04464591,29.92065454,-2.410546689,8.590499494,-5.104864642,2.600139459,-66.69633908,-2.099433305,11.49157992,-16.02781024,44.17365528,-6.559188896,-13.29417361,0.221739414,-62.95551296,5.236128155,122.328712,11.43253907,9.30857366,-1.720931088,-0.407385197,-24.63644529,12.24764867,-0.69309397,-22.37797453,-19.78963869,98.85700454,0.146503188,9.451100337,-212.7529288,-1.375808849,-60.08988392,27.16796629,-12.1269187,-69.74371127,-8.057347065,-13.42919432,-8.789581481,-20.12577677,-7.562563419,5.282185158,-7.163027364,-11.41835703,-5.025349345,2.03748936,-25.46597252,-27.07275649,3.934512379,0.754762805,37.44617741,69.6804793,-46.47418637,-29.3388169,-7.651331317,6.063702866,-46.79835082,-46.63643947,-19.23683058,0.423575373,-18.78719023,-24.2321487,-8.682006717,-33.03284695,-46.06139398,-344.8702058,-0.313817734,-98.9082997,-3.059260435,-104.867947,-1309.868413,-32.10159532,-2.680372065,-39.92498563,-17.28222455,-3.407165095,-2.143796022,-0.476068397,116.2545818,-15.85127175,-14.14052083,-9.878689589,16.93300759,-10.12057627,-290.6669108,-10.96648046,-32.67001158,-16.83463237,-21.22115106,-50.04249311,0.474391696,-953.7143738,-7.376529599,-6.866341516,45.03283418,-3143.542783,-5.297159727,-838.4649172,-8.584932202,-8.777092875,-0.297972484,-127.0411655,-11.22585399,-138.9362914,-2.487812595,1.082043192,-228.4251254,-1127.163251,-98.912677,-3.902306556,-0.066816188,-0.074467648,-6.489696016,-33.05042754,-150.7639538,-383.8860171,-84.75652354,-17.17133842,-3.806290803,256.2506069,-21.67937878,-0.475795789,-28.6707005,-2662.2894,-42.9403475,4.567828852,-1.379926726,11.61968606,8.862911353,4.522603955,-3.946564912,243.0418066,14.99683652,-8.137177336,-13.11786505,-0.73342053,-15.06197928,22.23278522,-20.63442422,-1.185574511,-4.155120927,139.2803656,-0.046155978,0.461217513,12.95673142,1.308393596,-34.77775887,-4.411954613,-2.811930256,-32.61404706,-1.499238148,-136.4652057,-5.929097118,2.248095922,-10.68457617,61.87420762,-6.785029004,13.77603416,-10.84162107,7.171201883,-155.1009421,-289.079915,-7.668400662,0.777477874,3.894278391,-160.7971709,-37.8871714,-10.28086244,5.294855565,-1.496210399,-8.874149728,-52.07789697,-11.16853278,4.212113816,0.098246178,-2.347725029,-3.281645518,-39.05566267,-2.798573947,-0.664794319,-6.572454155,-16.78782875,-2.229408567,-1.917955695,3.905071146,-26.290159,56.4574227,-11.60330131,-27.70232111,11.81012662,-222.1677384,-2.149305589
6.322075459,1.869565468,14.78576315,21.09114082,-5.57196856,-106.5246994,29.79266298,10.91096013,25.64148409,-2.370939148,29.08059014,-3.612778358,4.563984949,-92.891227,0.709090573,2.430871757,-25.03361944,93.62946094,1.252969724,-2.0859907,0.22257881,-38.82629734,3.628327893,-30.92413659,-36.46718446,-17.61706399,-3.772258627,-1.461406031,-48.4452513,-28.15870648,-4.823386111,13.56645628,-12.67017043,-22.06747792,0.655018327,0.122654806,144.923369,-4.77615548,-53.15731106,7.014692939,-9.364225461,-50.58742666,-27.48647519,-42.08162017,-17.49502285,-15.64111766,-12.19626029,-7.243110371,-10.04022093,3.540104332,-2.656742254,-9.299932556,-9.232729244,-30.1596087,-6.844362137,-2.548580963,-79.48020963,-2348.803247,-69.94380063,-28.64977074,-3.659829222,-1.863314982,-80.0354432,-20.59615797,-10.41998272,-2.17465585,4.323916747,6.172337888,-223.3251718,-1.303550533,-40.63611237,-611.4126595,-7.05005247,-70.67356313,-6.858279524,-83.5373962,-728.5015733,-8.136084454,-13.68202556,-6.91914674,-22.91048661,-5.848551342,-13.71683424,-2.73803305,134.7618987,-7.769301142,-67.04560067,-12.7784436,-10.97119897,-16.01618096,-53.5618506,-14.07825717,-29.33631105,1.175519204,-5.160691251,-52.9608294,-8.679849555,456.1349344,-13.21652303,-1.275568,11.45319518,-3353.655047,-8.205868799,-861.8277819,-7.809057167,-12.40420924,-65.27654884,-14.03384764,6.415824075,-66.004851,1.856779821,-3.132064786,349.2036168,1258.607967,12.01925677,-9.080969509,-1.004152144,-7.947529278,-9.749842057,-19.03833428,7.019838032,-469.1729863,-104.161618,-7.057984401,-99.68144341,-495.367532,-31.00269118,5.724939304,-74.18622308,-4003.643482,-348.7411456,-2.544865445,-0.336610339,-21.75207722,-2.565215002,-4.152268328,-12.17226458,136.9314524,-6.597733011,1.710892472,-5.380643383,-5.570693719,-0.929644988,35.56764832,5.977993359,3.767151927,-6.137782905,94.84198671,-5.964765661,0.674291286,-6.041766158,2.77824342,-30.61825899,-0.403754676,0.344591721,-15.09474213,-21.24710788,-46.0847171,2.836846302,-5.75341297,-2.778799489,-30.08852349,-23.73955829,-1.392757891,-3.7771504,-4.305588054,-67.37220315,-356.2358517,2.628142909,-1.692913547,-3.319721186,-74.26733917,11.3763464,-1.095063616,1.848987825,-18.73143091,7.029692823,-80.21277018,-6.807664082,3.990826851,1.887187213,0.172801762,-4.772723887,-8.547259103,0.086249944,2.460603021,-9.363205979,-23.07273205,-16.61624579,-37.0284432,12.66986071,-16.21557946,-80.48312148,-8.834565073,-7.791187148,0.638943516,-358.2726927,-3.114854495
11.27073232,5.288531271,-1.480494695,22.29364807,0.683833582,349.1844644,-25.88785431,18.00842459,3.690095086,-4.139845968,-84.21905778,4.273646113,-8.663764583,103.5158698,-5.765441125,-1.299658213,-24.60836306,-197.2877254,3.836946398,-3.22508113,0.925812365,-15.34807991,2.775654623,-202.8199642,101.0601322,7.54640278,1.136661715,-1.041247594,8.787887228,-17.56235736,-1.583417211,26.30577475,45.6448924,69.73068252,-2.21191402,-0.142977012,-133.2066656,2.056449896,-1.508797907,-20.64142765,-21.14218178,-41.13738523,8.949149939,-43.87714416,-8.676423753,24.90822807,-4.331193313,-5.548252543,0.763563315,4.469669616,0.080959813,-13.25480284,-35.15562553,0.416700161,-1.590782384,-4.122633613,-67.80509876,-188.7553807,43.09682906,17.50523921,-0.119198311,-7.02127428,-34.67096282,41.8493416,12.5985268,-2.500818469,0.116332311,-32.11087631,75.56869762,33.27933146,-0.508154822,-678.9299108,4.523180219,55.01030585,7.975549007,-63.63270211,183.4806212,-14.92407807,0.755794761,49.1355902,-13.85557402,12.61029852,-17.65591518,-1.264632619,-92.18454384,6.247491102,46.24124168,-14.60378427,19.95709332,6.6329823,72.09135373,-18.49993081,-9.452082524,-4.191510686,-1.174680685,-64.88677696,-6.223705649,-1098.349068,8.587824722,-4.611053483,-23.89254801,-1193.037527,-3.349565786,-260.36902,5.13151645,-5.025877304,-23.17741875,78.66589463,-5.87838047,-32.94280948,0.837706739,1.976120382,-213.9890742,-881.3890267,-14.00848676,-8.669047062,-2.285403372,-4.757499016,-3.971206226,16.53495087,18.79233789,82.2748803,-2.016087358,7.330214195,-27.69165728,-138.1787575,2.289819348,-0.101109071,18.89013854,-2277.683173,83.4580173,0.055742302,9.974100819,-11.85265259,14.74290562,-5.904358596,23.9208724,-498.6772686,-15.37791057,-16.36051555,-3.155410235,-5.787126999,-7.710338618,4.267901597,-188.9445069,-23.70426457,-3.946356449,12.72902917,-6.227261954,-3.634725193,-56.33614648,-2.671808273,-11.2992582,-0.442579854,-7.325948893,61.73941095,-65.53398631,-21.56637612,-4.787752648,-4.628750694,-13.43886406,7.112581674,-156.5973525,3.902717329,-3.856842417,0.073888226,-206.3657737,-282.0348293,-0.687741866,-5.863350419,-0.157543542,12.77170724,7.452236338,3.401028607,-4.372271693,20.30225985,-2.305326886,70.57525844,8.217108641,-0.444008072,-2.400489352,-4.789107372,18.56314107,28.028971,-2.076906987,-1.29525963,32.22153558,-25.26367518,-2.987297068,9.377405857,10.65921126,74.81861544,-1.350188404,2.933597093,-31.16773923,-10.16668856,-260.7218685,2.085196348
-5.782198773,-4.266930509,-7.689545936,-1.955166155,7.165702868,19.53755785,20.12779761,-16.21303467,37.84187301,-2.601769033,174.5462324,6.896068446,-7.045281758,178.0563198,-1.121620485,-15.66720779,-19.30039106,56.99252144,44.30121781,85.18152006,-2.401585326,14.684834,-3.519409503,-233.5884851,-113.4059165,-68.57056809,-2.73295745,1.837261438,-85.47995783,47.99503226,-0.223742051,-7.202036798,16.54847342,85.16622491,0.189332154,-6.819213187,-7.019726396,-6.028111362,40.44720779,-29.37939495,-0.108997393,-47.5415725,-7.381675638,-8.047667991,-8.733731927,-11.77095837,-36.67515121,6.337943735,-2.800972133,-13.21358353,3.403698891,11.13993198,-16.09386734,-48.99116598,-2.4122954,-0.336351882,-39.43717184,-1462.232445,-146.19237,-75.84170402,-5.076922862,-6.01385509,-37.11636231,3.608668401,5.513287929,7.258102464,23.37743416,-8.564140953,85.4978327,-19.66856145,-49.7447613,-215.3022979,6.288077669,-44.1592658,13.42808096,-24.17007626,145.2019672,-18.20231129,2.478668927,-23.8726547,-27.05401783,0.800405301,-6.755017104,-2.778319751,-117.5752284,-1.236861724,-16.41166152,-11.28156564,-5.062512335,-4.297535098,349.4470104,14.51612317,-67.97702317,-1.181362331,-13.27723355,-13.37721392,2.086650198,2470.799172,5.068300972,1.118898382,-5.811827685,-1875.123226,-4.771620247,-493.9550651,17.57793813,-3.140869232,-102.0897551,-67.87588697,-4.479967131,-37.01055117,-9.952396791,3.288761616,-63.04251616,-388.5265426,19.11568882,-0.55121536,-0.945775302,-6.087041052,-6.894840538,12.1404534,-68.33973754,-197.558509,8.148501149,-4.517424393,-6.417327885,121.8074563,0.49551791,8.669747834,90.66504589,-2225.350075,-6.257737042,-1.585085487,-5.391324891,11.43174419,-14.61025217,7.166756045,4.218368119,-288.2937719,1.056606571,10.63739624,-3.780229007,-2.447302928,9.756020009,-18.21363221,-101.91341,14.35203655,-8.512106965,-24.4104589,-4.215144639,-2.230506365,40.90851149,0.401522827,-26.26411503,-3.009054243,-3.32056147,84.30705035,-67.85200383,-43.92563716,-10.61235355,-5.111641134,0.623787995,21.96359902,-87.15524571,-6.218060571,11.86284569,-14.49132668,-97.4466827,147.1049609,-3.220195577,-3.211846128,-10.34054567,28.77000663,3.995532338,5.166401791,9.064672641,33.10386954,0.306257724,-36.479878,5.576360414,2.719550545,-4.525507169,3.761506293,-0.120572709,-7.261069463,2.495344401,1.251083875,-19.71733529,-42.53443518,12.00926684,68.74690129,2.467166557,-2.38091434,52.12354075,-14.01348386,22.46763936,41.90553351,191.2743354,13.75648116
-7.19261553,3.997051313,5.397565529,-5.189462072,-2.672703248,74.57217653,-0.567629869,-3.221001866,21.05436129,-11.55070073,-154.2629691,-10.02189754,-7.379335111,248.8275114,-4.272172774,-6.024642426,-17.26743005,123.0974752,70.11589785,-42.14549335,-2.628824759,260.6158877,4.608180885,-20.71321276,35.91148043,-24.14226151,3.926269052,-0.419358069,-98.38062122,-40.70076504,1.126873856,12.86927727,49.52026503,18.32646011,0.363196741,0.861318682,-26.66598525,4.63142437,25.66787329,-18.15849522,-16.47795198,-34.0462243,-38.97577528,-10.6895684,-23.38665797,145.0016281,11.91291629,8.563674511,-5.738437591,13.75532827,-1.103009037,-6.736935981,-22.75201137,12.62592478,-11.13595272,-2.19803172,26.63079375,534.7147817,-122.0013694,-24.96464367,1.936871243,-10.91669229,-51.06128539,11.19547548,8.125853064,-6.314889482,32.88143427,-61.753771,74.0477288,21.68613883,-17.10849899,-140.686986,-1.817820178,-70.86801241,2.197511519,-27.14018668,636.7240494,35.79737181,5.855127962,4.753242603,-22.23132687,-4.08429627,-4.459135055,-0.744389672,148.3475741,-2.625934217,-11.68880111,27.06672391,46.42259275,-10.19630609,161.468707,17.18779878,-46.8541966,5.967750227,19.41212027,115.9930249,-2.310470712,-759.0778907,-5.414679143,1.182811273,-4.815090191,-726.8582725,-4.508417135,-322.9799443,20.62260729,5.794607928,-118.5296777,-512.9565745,20.37990789,-86.58179225,5.177666897,5.174383577,-166.366287,-620.2683276,9.135134221,8.997676689,1.176263501,-4.927519937,0.692829731,31.20185605,-1.952410169,-180.3726217,20.27236368,-3.128359635,8.02913469,881.3426527,12.782958,3.335816729,22.65178045,-2188.260174,280.6732267,6.119861458,-0.989179355,-19.95184937,3.631801723,3.959752289,9.731778679,-72.70992374,-10.81928221,-8.902041927,8.139154062,-5.09092154,-1.859762344,-2.225339869,-30.91936659,-1.863359579,-7.562181332,-25.24393898,-4.566475681,-0.571831217,-26.94575181,-2.998529119,-40.28286744,-2.383578225,-5.916898163,141.8944636,24.77920331,-61.91050549,-9.547376792,0.122627969,-13.94683903,12.9738697,-29.37760757,5.513888833,-4.756016149,-19.38964067,-51.05816143,-259.3677885,-2.463705391,1.894054335,2.743727261,-198.6687879,-21.05939515,3.836480563,0.299152684,20.57127344,-0.058067721,-40.95954175,-23.76809782,-0.226015099,3.706378454,-0.208041402,-2.826650513,15.80650371,-6.21267283,1.851023961,-3.061162066,-16.07535209,-30.69215538,1.060722996,5.328252379,45.93967967,-10.55473352,-2.168809684,-36.69945435,5.82102856,9.778531162,-19.40380232
-8.709523985,1.414034704,-5.170664032,3.042729683,13.35675962,-482.9428963,8.050533708,-0.849708697,6.407830348,5.522661053,154.541388,4.902613839,-6.846039332,230.8861135,-2.657578207,31.81895369,-2.680256021,-190.0175889,27.00671268,18.71906986,-0.485497208,-36.62962064,-3.271741546,-76.70861658,-5.737565345,-1.726344874,-1.125458088,2.165306385,-58.55416909,1.996877491,-0.586755955,33.31485887,44.42706675,-87.53443363,0.197981354,-2.928387473,26.06333468,-10.86779957,-62.05363998,-4.344050572,11.89387094,-24.63948352,-34.82952905,14.9481419,-2.318864077,36.38441682,-25.97701584,5.776408641,3.747997791,-6.756141269,0.221359736,0.415894897,-30.22415001,24.2692149,9.551482982,4.009517352,-103.0064943,1158.163081,-164.8544429,-3.575518955,-1.590193539,7.007396543,-22.64813343,-8.838133167,-19.49968975,-6.170099979,2.896262468,26.74001288,-29.36837309,-22.1304337,45.71496962,-56.67989939,-6.200621859,-30.49228078,3.240795264,-31.88418003,487.5174089,156.2081691,-7.684252815,-25.01522553,39.01705635,4.926352739,-25.34425867,-2.120269992,-21.83857095,-7.180708236,-9.96534256,-32.66395495,74.28379819,-3.265832938,-19.76858237,4.810650216,-47.15396834,16.8408213,6.205125688,-13.64695069,-8.939346804,823.8064077,22.47450322,-0.783648185,-30.07712645,-2208.817727,3.10587521,-751.9817882,21.50323407,-6.321349262,-24.30117351,49.61848167,18.96198451,55.35054652,5.358165043,0.656946763,22.77391067,-841.6823207,-7.106276852,12.01608834,1.316867568,2.677694477,2.426368246,-50.09561774,-182.6351383,-181.769659,8.107057873,7.134209724,-61.84699124,1684.267882,-19.3770961,1.931145046,-80.00533182,-2267.143358,-122.7675362,0.658395048,-1.459784405,25.76412646,-11.74709155,2.003211549,-11.37554993,517.1808315,-19.21785373,-12.56992896,11.03665076,-3.186934058,-4.764553318,7.463311227,-60.15545459,-3.683725745,-6.814933844,-9.264878264,-3.2214104,4.429402651,-15.91772574,3.692631113,1.227632048,-4.557116314,-9.606435029,80.18157955,1.880861564,-33.13800362,-20.38221788,5.014070563,-3.197400709,-17.71853389,6.669849356,-6.780778021,16.91570392,-5.705500419,-198.0710679,-78.42423714,-2.010981466,2.143108657,-0.767763454,-34.4838023,-0.779455043,-5.040605235,-2.122353142,0.872920796,7.673190364,-44.42359899,13.51206536,-4.991740477,-1.569361029,-0.441839187,-11.75035691,-27.36107646,-2.179471489,1.41548158,5.861532254,-13.63689179,8.679897465,27.66377473,-13.00882459,-8.781999476,15.50051606,3.897193629,36.35167128,1.119219377,-212.8706414,5.119302247
