desktopspdeBlo40,desktopspdeBlo90,desktopspdeBus82,desktopspdeGam94,desktopspdeGen08,desktopspdeGen19,desktopspdeGen25,desktopspdeGen31,desktopspdeGen34,desktopspdeGen36,desktopspdeGen39,desktopspdeGen47,desktopspdeGen53,desktopspdeGen58,desktopspdeGen60,desktopspdeGen64,desktopspdeGen66,desktopspdeGen70,desktopspdeGen71,desktopspdeGen75,desktopspdeGen77,desktopspdeGen83,desktopspdeGen88,desktopspdeGen89,desktopspdeGen92,desktopspdeLif38,desktopspdeLif59,desktopspdeLif69,desktopspdePho03,desktopspdePho16,desktopspdePho21,desktopspdePho33,desktopspdePho54,desktopspdePho63,desktopspdeReu01,desktopspdeReu45,desktopspdeTra15,desktopspdeVid93,desktopspenBlo40,desktopspenBlo56,desktopspenBlo90,desktopspenBus62,desktopspenBus68,desktopspenBus82,desktopspenBus91,desktopspenGam13,desktopspenGam32,desktopspenGam44,desktopspenGam94,desktopspenGen06,desktopspenGen08,desktopspenGen19,desktopspenGen20,desktopspenGen25,desktopspenGen28,desktopspenGen31,desktopspenGen34,desktopspenGen36,desktopspenGen37,desktopspenGen39,desktopspenGen41,desktopspenGen42,desktopspenGen47,desktopspenGen49,desktopspenGen52,desktopspenGen53,desktopspenGen57,desktopspenGen58,desktopspenGen60,desktopspenGen64,desktopspenGen65,desktopspenGen66,desktopspenGen70,desktopspenGen71,desktopspenGen75,desktopspenGen77,desktopspenGen78,desktopspenGen83,desktopspenGen85,desktopspenGen88,desktopspenGen89,desktopspenGen92,desktopspenLif04,desktopspenLif07,desktopspenLif09,desktopspenLif10,desktopspenLif11,desktopspenLif12,desktopspenLif17,desktopspenLif18,desktopspenLif22,desktopspenLif27,desktopspenLif29,desktopspenLif30,desktopspenLif35,desktopspenLif38,desktopspenLif43,desktopspenLif46,desktopspenLif48,desktopspenLif55,desktopspenLif59,desktopspenLif61,desktopspenLif69,desktopspenLif72,desktopspenLif79,desktopspenLif81,desktopspenPho02,desktopspenPho03,desktopspenPho16,desktopspenPho21,desktopspenPho23,desktopspenPho24,desktopspenPho33,desktopspenPho50,desktopspenPho51,desktopspenPho54,desktopspenPho63,desktopspenPho67,desktopspenPho80,desktopspenPho87,desktopspenReu01,desktopspenReu05,desktopspenReu14,desktopspenReu45,desktopspenTra15,desktopspenTra74,desktopspenTra86,desktopspenVid26,desktopspenVid73,desktopspenVid84,desktopspenVid93,desktopspesBlo40,desktopspesBlo56,desktopspesBus82,desktopspesGam32,desktopspesGam94,desktopspesGen08,desktopspesGen19,desktopspesGen20,desktopspesGen25,desktopspesGen31,desktopspesGen34,desktopspesGen36,desktopspesGen39,desktopspesGen47,desktopspesGen53,desktopspesGen58,desktopspesGen60,desktopspesGen64,desktopspesGen66,desktopspesGen70,desktopspesGen71,desktopspesGen75,desktopspesGen77,desktopspesGen83,desktopspesGen88,desktopspesGen89,desktopspesLif30,desktopspesLif38,desktopspesLif69,desktopspesPho03,desktopspesPho16,desktopspesPho21,desktopspesPho24,desktopspesPho51,desktopspesReu01,desktopspesReu45,desktopspesTra15,desktopspesVid93,desktopspzhBlo40,desktopspzhBlo56,desktopspzhBlo90,desktopspzhGam94,desktopspzhGen19,desktopspzhGen20,desktopspzhGen25,desktopspzhGen31,desktopspzhGen34,desktopspzhGen36,desktopspzhGen39,desktopspzhGen47,desktopspzhGen53,desktopspzhGen58,desktopspzhGen60,desktopspzhGen64,desktopspzhGen66,desktopspzhGen75,desktopspzhGen77,desktopspzhGen83,desktopspzhGen89,desktopspzhLif30,desktopspzhLif38,desktopspzhLif55,desktopspzhLif69,desktopspzhPho03,desktopspzhPho21,desktopspzhPho33,desktopspzhVid93
1.97820299,2.064817183,3.537000712,4.902991607,5.63012699,55.54535373,4.500975328,11.33568577,25.93835862,1.314438435,6.523640999,9.419448537,6.647076169,7.762468971,5.496426822,19.56294438,14.96886662,1.736866088,1.645437297,7.460887874,29.01989176,7.453270934,9.29665219,23.02384671,1.580202522,5.107868102,3.36156304,6.482562369,3.249189923,1.47537975,19.79573075,3.034295237,3.716642327,2.059717683,1.30047479,2.91614608,2.269542949,37.35390156,48.16388367,13.55144408,31.81576513,6.328668559,12.36410459,13.59327258,3.43149191,3.821585521,23.87848869,10.28064296,74.8860481,15.9648006,39.7091203,921.3187425,118.5117645,44.68312591,4.585704576,96.22516599,326.0767291,79.02976305,4.734920616,81.2670241,17.98717272,18.74314065,69.59636762,28.72976999,6.492828602,159.6344642,10.00779603,61.89125445,167.1619692,473.6428895,4.935011204,115.3309403,18.25163209,31.2921565,81.94544532,548.7324972,4.867498439,26.03603408,65.72386303,101.1637716,192.6696213,71.01682777,23.21340089,7.328190067,7.295737579,9.591012797,7.051981682,6.466498618,7.530326654,6.78973882,20.46756223,31.60879888,25.37931947,55.45715602,6.112162555,62.83588798,11.94252373,2.630463157,8.822676008,21.08241254,18.20537463,11.75789271,54.51416227,42.44008648,15.34748768,7.365595873,17.12151574,23.57003905,39.60405708,92.34434101,16.92035816,6.625197157,49.7721342,16.67106212,18.06956384,17.99204039,24.97503061,14.25254369,4.948053306,24.52336986,30.98117988,40.59232247,11.87022639,19.43696,15.71100362,6.266077368,10.08583999,30.25799347,9.67807718,42.52669405,773.1873169,4.764887005,5.481330668,2.89812752,15.95442534,4.063848859,8.621197406,65.70356459,11.60096239,5.569522431,21.56778891,26.55149945,10.88950182,6.724491076,15.52690767,7.781785456,3.357451782,7.82784431,20.51212126,17.85467498,2.825579143,2.638202499,17.03328672,79.69935418,4.12130806,4.054271428,55.98645873,4.990953808,6.522018852,5.740422141,2.689159522,5.590731542,18.38233026,8.678356338,1.86520662,3.037637847,1.913761408,3.952943546,76.44662921,4.270129661,3.432071896,4.935963582,5.614195334,42.55183867,9.689906153,6.210384989,15.45081655,24.27952263,9.453659864,3.120144352,8.517859858,2.895936902,8.721746062,12.00044709,22.057865,13.035783,18.93375199,38.54089092,7.165347294,15.82980803,3.838364275,8.289512538,4.122985466,6.969788198,5.213936127,17.36863668,5.328889686,74.93529313
3.025775394,1.736922475,3.538732499,5.424770433,5.636800571,51.73558145,4.663026247,8.988620588,22.37515508,2.521454403,2.527809422,8.995235205,7.576284958,7.832926291,5.314730486,19.75166011,13.70650304,1.867112826,1.839566231,8.103585697,30.52096145,7.746012633,8.253604228,25.81445467,1.548599302,7.120590379,3.951415805,6.344016502,2.869379829,1.445987683,19.20155033,3.583776569,3.908865839,1.435380811,2.094408934,3.160968343,2.184730854,33.50922387,46.16761801,13.38637842,21.34803295,6.264896296,12.50879216,13.59357622,3.605990345,3.794223107,24.23687564,10.89198206,78.47075345,13.01520932,39.43087694,223.095145,120.356498,43.72045181,5.75853927,93.23560572,323.6955878,76.65449768,4.80709312,62.4426223,16.87769476,17.8304263,53.46396376,28.22924801,7.134890614,137.4578095,10.17144668,53.34341003,175.7497076,462.3812955,5.147714271,110.6649361,22.95663011,30.79385497,-74.60092607,241.6619968,4.710085099,26.60287095,60.53602264,93.80230195,153.5979191,66.0297799,20.14067548,7.278241398,7.588894298,9.556007211,6.972214699,6.543781317,7.265541121,6.631556094,20.47588879,29.27438463,24.12203413,54.0139892,6.147728308,62.63970973,17.04754097,2.925773563,8.584454611,23.32757885,17.29027672,11.22803014,46.70817778,43.94691945,14.34559535,7.270332916,17.58488617,23.31449353,30.94307249,94.34367315,17.09665371,7.517086315,48.6519947,16.70310392,17.50020393,18.46822814,25.48906085,14.21553558,4.595015552,24.2721283,30.60112762,40.86872145,12.02249558,21.97184042,18.34528979,6.385672876,9.453556936,32.63519114,8.662065198,42.51639986,723.8034402,7.290958492,5.517748641,2.76530946,17.26696336,3.605376658,8.136777498,65.70675057,12.22610247,5.616072937,26.67438296,24.47281875,10.52200785,6.067929362,11.47822271,6.213537,4.096809598,7.662430383,17.20908051,17.19513836,2.95859355,2.588867815,15.82842389,70.47917897,4.614038803,3.751140414,49.93264724,4.622628575,5.617770126,5.474269497,1.98240498,5.527640032,15.97613381,8.676431741,1.840827672,2.777617232,1.883161666,3.799659314,74.8558516,4.917368166,3.467964773,5.309869051,5.225836062,42.47522692,8.308687387,6.116918627,15.9276505,21.61826104,10.77634495,2.71186619,9.251641573,3.04244776,8.681492874,12.09966492,20.77857087,12.06978053,15.72934419,36.91217701,5.851986778,15.9931589,4.421194996,7.915651671,3.882870146,6.950728874,5.449781568,15.68076553,5.054846743,72.61599118
2.90868036,2.019272557,3.600648775,5.389718343,5.544678514,49.96167777,4.623086006,9.918916921,20.63303531,2.677420717,2.685943286,9.342690945,4.666128044,7.96316356,6.314268237,19.12938074,14.56925648,1.925567807,1.624899696,8.591705723,31.76977382,8.221627885,7.543297406,22.32573517,1.383214023,6.024014295,4.003553028,6.092922639,3.439984927,1.440695989,19.79213542,3.731194575,4.479771166,1.401972248,2.110318684,3.256682966,2.812101252,36.19110512,49.15392127,12.79463246,38.14317344,6.202783673,12.33005819,13.25258737,3.826601656,3.67308252,23.77605952,10.57317941,74.48188583,13.35050339,41.41182289,-544.1358627,120.642747,41.43037383,5.443915445,86.44155827,300.5812043,74.11670447,4.733909593,60.6852077,16.78764049,18.7087933,26.19222504,27.32587979,3.650517233,123.1846978,10.04817039,59.16390155,138.5318686,440.2515359,5.256071423,100.8282476,20.34962503,29.49671681,-45.49938027,22.94008521,4.656613258,27.68233812,60.90478351,94.96161765,156.1958469,63.6088086,20.88463896,6.671933511,7.63430985,9.243981855,7.225492804,6.512717757,6.664805658,6.914777756,20.76335809,28.17254526,23.20143368,57.82380366,5.644472846,64.30629202,15.70930535,3.104992054,8.10508153,21.79163387,18.60006064,10.87901244,56.53979622,41.11145594,13.98898924,7.27225171,18.0154159,23.40281074,33.69241817,98.23792659,16.48496733,7.498818045,47.9153362,16.63998982,17.15355462,18.38020444,25.11228761,13.80662462,5.452622484,24.51382506,29.87343124,38.63854281,12.30763371,16.13704635,17.90148715,6.457569319,9.495370731,28.12676379,8.748241714,39.61088941,711.32068,6.716335409,5.647395954,2.723814696,15.8169403,4.352180663,8.606714364,58.19376005,10.46313435,5.652254212,18.65915759,30.79414005,9.9094586,7.046563286,18.35909345,5.802432233,3.339333398,7.907858785,17.65836084,15.99125748,3.216136776,2.7895229,15.66796949,70.92020709,2.235112483,3.670425181,43.78934386,4.412920894,6.310183496,3.751191114,1.948147585,5.294136282,14.53387369,7.967224576,2.052911467,3.357592571,1.923756786,3.569337855,79.53965736,4.153828186,3.457352598,5.964179004,5.777084605,49.31163141,7.477482504,7.042678776,16.03769976,23.44011547,10.74274825,2.903019464,8.353644097,1.08959042,8.716888492,11.84621471,19.08769464,9.901414192,17.07821591,36.33393947,6.540835558,16.20156291,4.607979572,10.2475933,4.27163105,7.050468314,5.278389572,15.08923387,5.108731241,74.29504842
1.792440172,1.183663162,3.069924353,4.682768674,5.186907166,53.5204513,3.999994621,12.36554042,26.71437347,1.489665938,3.584557934,8.044130662,6.295798909,7.10779205,5.336070918,19.34828193,15.12397895,1.228294535,1.369933855,6.047839177,38.63029666,7.147379304,7.188303163,23.15453898,1.326694483,6.889935757,3.362663425,5.855260308,2.808159511,1.375406992,19.30413334,2.63513102,3.182161271,1.54301814,0.940100092,2.369716505,1.800445566,37.62688852,41.24873893,14.23151457,26.66998526,6.253891034,12.54847725,13.88911731,3.041116757,4.042207333,25.43072288,8.278021069,92.245322,15.20561597,47.02356269,2143.897562,122.8483035,51.93734986,5.010853397,89.56970539,333.6118304,87.93310189,4.826864056,110.6813579,16.75780827,18.32868359,65.6867688,26.82954286,9.07333799,199.4905291,9.650416222,57.80467815,183.8832484,523.042188,4.537912869,141.6502325,23.27861219,34.67751659,151.0732524,739.2914542,5.244838027,35.36428475,64.33484122,105.7027368,167.4546276,93.50207675,24.96285812,6.375419856,6.92162769,8.13388428,6.342752773,6.436342701,8.020298126,6.647718943,19.41193474,29.91628844,29.31470565,59.74366137,5.681203036,57.30685629,14.04267877,2.134066243,8.890465007,24.03697276,18.23490757,12.03155554,58.03763528,46.60344559,15.25837195,6.527889061,17.98621113,23.1396056,39.26874125,90.33269196,18.18070601,6.992799458,53.0317291,17.19393256,18.296865,16.19804299,27.87268582,14.53258887,3.84224777,26.11240107,33.65828193,45.84365138,11.70727438,20.46571909,22.43844718,5.83163334,10.723907,34.2251486,8.335092702,47.16466707,834.516102,-2.86922934,5.61404612,2.871691367,16.40336009,3.292241851,8.367196758,69.64312687,12.86898392,5.488795437,18.15458774,29.65357727,12.81497726,10.52324986,13.68318572,9.931921856,4.983894982,9.523791426,20.26503294,23.43704416,2.505896609,2.282536259,17.81322561,64.5064061,8.124461535,4.720948002,68.79684644,4.105067891,5.174463949,3.959102083,2.618089024,5.991296745,23.16779014,6.786628164,1.431603474,2.978883564,1.731583879,4.788965788,63.84229106,4.72638408,3.49799361,4.873493549,4.968865962,47.11628052,11.53976883,5.486063904,15.50457494,28.06280711,9.640165791,3.680281243,7.959071118,4.230506493,10.18320359,13.10940119,21.64639121,15.15316598,16.32289344,40.13421931,9.383394399,14.39754311,3.921058267,10.07676016,4.754041995,7.43490036,5.346306309,16.63563673,5.199474906,74.63556534
1.798669323,2.153531464,3.145353378,4.875082256,5.416439609,53.06158186,3.989784271,15.43800796,25.91694833,2.287936568,6.568198265,8.022946553,6.129367404,7.207065803,5.010238855,18.59268957,14.44018393,1.361904138,1.351298199,5.813502433,37.4871971,7.809764279,5.579984049,31.3123467,1.841338961,5.38372746,3.131719132,5.106025213,2.892376572,1.178976146,19.35096492,3.285889673,4.563069533,1.279764217,0.556659559,2.320870042,1.751201867,33.83289183,43.43132281,14.25226778,26.8791328,5.91478031,12.10932408,14.22194048,3.102986741,4.289746776,24.03172756,9.067791754,84.34603794,15.93601302,42.39125016,1789.497888,123.0188756,49.38318941,4.478564487,100.9131583,411.4541248,84.8310484,5.113622037,102.53301,17.19284868,18.44129741,76.26688758,27.95648916,5.826636516,181.1805619,10.04489507,64.06150706,172.3450488,513.9673684,4.731063707,128.7785499,25.43813094,33.52420551,106.6310129,599.4257692,5.528942177,33.29057264,51.68689158,105.8005128,166.612344,89.97493933,24.4432561,5.674436623,7.057182713,8.553110142,6.581708259,6.458170056,8.285809133,6.594328363,19.6209074,29.61795269,26.30014594,54.90008326,4.731279252,57.43498807,11.64444203,2.248514442,8.991358601,26.01534029,18.81650229,11.83523293,49.41485973,45.46046644,14.73450119,6.695960828,16.2560767,22.9586047,36.88480107,90.92826045,16.96034746,7.429988737,51.81197233,17.08721684,18.45247803,18.61175437,28.07065982,14.78482706,3.85187137,26.1674853,32.44704796,44.0277157,11.78454993,17.84415432,19.23067808,5.898379631,10.67483421,27.86567603,8.382932577,46.59900322,807.1209679,3.305593195,5.39453019,2.662051234,16.06537347,3.465636363,8.692005914,67.27533439,12.97104139,5.534035565,15.31171167,29.10977575,12.32538363,9.945526815,9.852080775,9.320944397,3.784178383,9.477753974,20.08839179,21.26170581,2.511680458,2.303129017,17.37407781,63.2662003,4.041875002,5.099703074,61.99198192,4.187617954,5.13127243,4.07451876,2.189428006,5.908696883,22.43310654,7.11957445,1.57262893,2.934768264,1.686919392,4.517288172,85.8848825,4.349025459,3.535677513,5.058685661,5.970793664,54.15817598,12.06645259,6.770677244,14.47883548,22.56005366,7.692871671,3.714093178,9.195164266,4.085033085,9.887077299,13.15399213,22.51519974,19.93547416,14.79818822,39.4887388,9.776160002,14.58132089,4.410322243,8.66156209,4.142577592,7.406286357,5.252453784,16.36817711,5.082456583,76.36453175
2.275342343,1.692705637,3.174404742,4.63834367,4.741997908,51.80319002,4.243109613,15.20564899,25.60574585,1.307883924,7.29879501,9.373746325,5.473575649,7.337033042,4.258604049,17.99026178,14.13137695,1.5306834,1.362525048,6.627842348,36.50987733,7.215353951,5.975719746,23.94883743,1.276437742,7.059059807,3.059472581,6.709809772,2.545353684,1.299777829,19.19776504,3.361943055,3.804387003,1.51716259,0.96003907,2.669422971,2.304037023,34.59867773,43.83390638,13.70062245,28.63912289,6.42741232,12.22305514,13.55129357,3.133400265,3.704770215,23.47764448,8.832204647,77.2632559,16.52021068,40.86215092,1509.728087,123.1069922,47.83039775,4.99676527,97.59665557,427.0064463,82.04819637,4.76099089,111.9792475,18.07267953,18.64157688,56.15278681,28.30503431,7.684186255,161.1179152,9.727868817,61.08905349,190.5508741,495.9845215,4.884541665,128.5285636,22.42162648,32.6732378,66.40936218,520.1978035,7.089280217,32.50832596,76.4915511,104.0355715,159.9998535,81.34103354,24.61475451,6.320789075,7.128290144,8.842574414,7.089222622,6.476341285,7.031142788,6.559965987,19.97338705,31.32995009,25.11520427,55.64137131,7.285027818,58.64869867,14.83637637,2.356628651,8.79995085,21.32121496,18.87979945,11.34717183,62.83775082,43.72129448,14.39932798,6.504977347,17.81018282,23.46571113,38.04329986,96.07250073,17.18658101,6.729948381,50.79062688,16.88238091,18.14466634,20.08129672,27.43654456,14.06676048,4.203849149,25.09286754,32.47149819,42.98685724,11.92110605,23.4346639,19.52150291,5.967703714,10.05923546,31.49886024,8.479356518,45.58483638,776.267761,3.861188232,5.084538525,2.629624285,15.11439729,3.389521742,9.130978686,64.01612657,12.49659252,5.40177419,12.77925324,29.48901014,11.70201635,16.01373591,9.240628326,9.217392836,4.884055319,8.552669102,20.2265323,12.42890628,2.547283237,2.440757561,17.53421071,54.21816942,5.846346712,4.013518779,58.26587204,4.17401299,6.026673633,4.609325545,2.040996039,5.582826661,18.92728217,6.679481587,1.807545076,2.686987179,1.828403858,4.42367365,66.58711232,4.746995019,3.526795921,5.360348452,5.077722027,54.69851771,9.490409758,6.008176147,14.4896609,26.01716398,9.374485499,3.704031805,8.897024977,4.234534097,9.310310117,12.83278784,22.24641286,11.22480971,16.44552575,42.0563681,7.427915193,14.95456611,4.70729816,9.770083351,4.765501326,7.237047018,5.241889184,15.75336903,5.028776764,78.59261433
2.160078296,1.656371115,3.359448409,4.715283197,5.402619609,49.45919148,4.660491972,13.81461587,25.21535461,2.016748698,3.411301268,9.704369764,5.542512181,7.350707786,5.105805292,18.01305907,13.35494667,1.578517134,1.639100336,7.546648066,34.69283051,8.000811831,6.11707305,22.72433408,1.254529634,6.275394657,3.635006656,6.656940471,3.000679517,1.389066959,20.05261167,3.092674082,4.238873872,1.625985457,1.306503881,2.835718381,2.060304635,35.77687752,44.95758843,13.80169688,26.98933399,6.198266812,11.90876703,13.84055221,3.410235478,4.482771043,23.40963961,10.33828464,67.8335944,14.2506186,39.78718095,1235.316456,122.7352246,45.99070181,5.092657139,109.4899214,340.9516611,79.70539396,4.854857298,109.9473599,17.82129039,18.1510099,65.91896961,27.47118198,7.148445639,154.4643987,10.14740297,59.357234,184.8051708,466.403887,4.896062284,124.2844518,21.4888289,32.20697607,63.75429928,509.6349338,5.820181694,30.70984215,56.51076127,104.1407292,163.1114346,78.0145787,22.35314585,6.695344212,7.198367176,8.992980209,7.349131302,6.3633241,6.973986402,7.032047713,20.00650222,29.56905935,25.50843774,55.81602352,5.029049053,58.41503059,13.48207441,2.510402442,8.559547806,22.24277825,18.88711135,11.6016318,72.18099535,41.3896986,14.24229205,6.88470307,17.67596644,22.78952352,34.45043393,98.24453805,17.10985912,5.521794838,49.55022258,16.69500778,17.2048029,19.90501198,26.23074179,13.76031276,4.266519406,25.20281704,31.31440335,42.03420163,11.75701811,20.05331527,22.58717538,6.235763901,9.756559473,29.61023192,8.456388029,44.69884358,748.4224816,1.320065867,5.580096757,2.730097375,15.11523948,3.668596129,8.35721033,62.14864863,11.41482592,5.567929536,15.87132238,34.47013964,11.15287572,9.125676537,13.79183912,7.944063125,3.925294842,7.943252403,18.65062805,12.34394074,2.908140189,3.073406747,16.61364888,43.16187936,4.535619136,4.450393249,54.15828284,4.348654099,5.558287847,4.146352403,2.428646551,5.635046565,18.18646317,0.58360754,1.665758153,3.350575825,2.049142045,4.219060503,63.15862989,4.696836658,3.511494784,4.706949849,5.314549758,52.08017893,7.760760818,6.644373826,16.02107036,24.10511702,9.212905818,3.443461993,9.356737115,2.921320431,9.062111027,12.38970579,18.74004098,13.6229433,15.90250863,41.81837797,7.017450643,14.92980572,4.177764417,8.463667971,4.76016628,7.310681896,5.535228485,16.64842111,5.039383963,75.14949707
2.327902618,1.922195396,3.348727123,4.789049776,5.904514788,47.51472768,4.506361078,13.12707012,22.70211834,1.802208361,3.50695951,11.40910475,3.450753726,7.549279515,5.286853854,15.20572357,13.07960847,1.718046458,1.686005221,8.205326037,30.32836038,6.917647362,7.597964953,26.63849143,1.563339191,7.278296097,3.53555791,6.214460147,3.762843933,1.330808801,19.07524144,3.31536011,4.753483557,1.737359011,1.964746518,3.087782811,2.636860502,32.51268349,45.85043167,13.28012346,24.88767114,5.312017668,12.52500518,13.74066233,3.471705081,3.777566424,23.82378574,9.760865569,80.12715085,15.24090398,38.56657339,-613.7113815,123.6051728,44.493307,4.64706766,99.22530536,324.0355542,77.64053261,4.883571397,95.10136845,16.90376565,19.10949635,74.43817471,27.54546497,7.06212207,125.4560058,10.17965636,55.39978469,202.7977601,469.6309086,4.919801908,118.9004377,19.8232559,31.69315832,98.87971741,424.3092424,5.624535243,29.66863561,64.36853352,99.73077594,140.9207575,73.39660926,21.29551235,7.450927839,7.441857602,9.451556859,7.465749937,6.513556918,7.092201281,6.904983553,20.18236364,27.47896226,23.70887874,52.52193697,7.587383171,59.64617953,14.13976592,2.641735017,8.412383579,17.41146705,17.84582234,10.90915765,67.90850228,39.86655437,15.03642176,7.470126735,15.90967935,22.85530163,36.15579041,93.81296222,16.52709853,6.403885829,48.68357871,16.53765303,17.30873766,16.87055547,26.29638932,14.36261308,4.826285516,25.53149861,30.62618136,41.36986254,11.96538447,17.6846741,21.0437647,6.215166531,9.593554527,30.24565303,8.351518343,43.63542712,724.1946917,10.72468105,5.738541782,2.684045095,15.51080222,3.791121148,8.614495023,62.40480044,11.08395469,5.52640801,18.19167682,34.55698239,10.84317437,10.82806768,13.42320683,7.432846417,3.471514569,7.724826148,17.87079608,24.70796941,2.984660141,3.859808917,16.39472429,57.30797374,4.722369811,3.688452669,50.32653907,4.223189603,5.821617872,4.466601748,2.162026551,5.681698796,19.71991522,7.401004541,1.704958053,2.817746798,1.927872858,3.995764277,79.38978768,3.977971538,3.410564361,5.192819755,5.315584394,51.7847331,7.397908127,6.108196055,16.7532496,21.93041635,6.604004959,3.177686098,8.834453543,3.483859022,9.238955095,12.19969423,19.68972666,16.20556943,15.12338962,41.37299662,6.478017634,15.4093256,4.311075339,8.594122644,4.554535448,6.761709789,5.507113924,15.64389625,4.852504085,78.42493069
2.409151515,1.852125873,3.441220694,5.02568296,4.224507279,47.15204922,4.499219062,12.32250065,20.21218331,2.601576472,1.678785676,7.653481196,5.643236423,7.554648803,5.888661853,15.41786503,13.24728509,1.755629838,1.64754822,8.664893898,28.60492856,8.135741567,6.72314427,21.14467976,1.522856002,5.222319605,3.903711503,7.374783877,3.271255533,1.606966726,19.20686394,3.834723313,4.880724543,1.653010312,1.807515746,3.21498776,3.147820203,32.74877028,45.12760968,13.27723225,23.31814629,6.297774978,12.03751127,13.17974001,3.823524033,3.422630715,24.34525655,10.09896824,61.23561701,12.75082925,38.53641437,-1893.197602,126.7389652,43.30853534,5.18337178,100.8669742,359.1562085,75.27884828,4.846849349,78.66125785,16.66967511,18.41193682,83.4490633,28.05417006,6.730001354,120.7066502,9.718886317,54.93433383,157.8491595,468.3060863,4.992250902,116.8694853,20.3838403,31.19761342,9.65571645,403.1793559,4.822067247,28.64172906,56.88733161,96.39359695,150.2852727,68.44767509,21.95143873,7.30204313,7.536771994,9.757706376,7.511439652,6.352259809,7.163191282,7.002498358,20.35252068,28.73779414,24.34125118,49.86383831,6.211300624,60.25372704,14.98372606,2.924531768,8.346738178,20.87004265,20.10534971,10.07532391,46.38808043,39.54643674,13.55247016,7.262574996,18.26805622,23.28839259,33.74694523,91.24061004,17.17777775,8.246844238,47.57418645,16.35737957,16.5943743,15.89872571,26.21475664,13.64647225,5.344030498,25.15429542,30.14395375,40.32770644,12.13926719,18.20135779,14.79269118,6.395528705,9.989769289,30.66843146,8.35683309,42.68246515,715.7140172,10.70529106,5.574986294,2.766702087,17.12914476,3.739822624,9.066619424,59.29881584,11.25713848,5.508432338,23.50537539,39.56190727,10.12814008,8.117471059,15.37574524,7.19319232,4.404780377,7.099348237,17.52767157,13.27194871,2.884361405,5.309634028,16.06902316,61.43134583,2.763634504,3.570082916,45.5690586,4.3730244,7.20076275,6.284878565,2.271643067,5.46808939,20.46646741,10.70403554,2.004810069,2.666083377,1.976870302,3.780644137,63.18183463,4.553988933,3.500056601,5.685889896,5.835136585,46.26878894,9.294199616,7.002866103,14.61321082,22.24502362,8.949430866,2.925848004,8.661606373,3.986441783,9.137775334,11.90865127,20.59502468,13.0403656,16.23373818,39.1623141,6.361903202,15.93372859,3.844307772,9.692989383,4.706020112,7.274466797,5.60828447,16.74958503,5.012969909,77.3832265
2.511964111,1.860248421,3.554170082,5.111945469,6.838295447,45.68473089,4.42385038,11.93039642,19.64830907,2.844714042,3.55047413,9.235440166,7.809275077,7.699581776,5.386849924,15.1310622,13.07588618,1.867320494,2.031097867,9.832523855,29.24130018,7.317509593,6.380237454,28.92009761,1.562681555,7.671840396,3.696207932,5.959157582,2.582136018,1.590502088,19.57149735,3.649839524,4.847221188,2.064756707,1.766248233,3.300818323,3.049414746,34.20079957,47.71960845,13.47251982,24.16730667,6.619392987,12.89417927,13.68138435,3.817628455,4.38454122,24.7483484,10.79871305,37.40967857,12.9112931,38.43060005,-3168.81453,128.021563,40.23487819,5.33293789,79.85289936,399.7227789,73.51100323,4.876559671,69.77497607,18.86019364,17.12280793,52.63385862,28.44400554,6.789131839,111.1973351,10.17215511,52.16211316,157.1432794,471.9176574,5.369564488,108.9320188,19.24387789,31.31198991,-18.63454545,301.7072565,1.979740958,26.97883737,93.92567716,96.19904541,128.6992229,56.77471009,21.61764096,7.288539963,7.857012958,10.36126885,7.888039076,6.794860654,6.661482329,7.020290919,20.58132789,29.60948386,21.23568806,47.20498404,5.219445683,61.20818236,16.29928091,3.210897861,8.345113823,24.40228206,18.23719108,9.797528127,52.22518534,41.31353318,13.74320775,7.376722761,17.05369202,23.25600797,38.22293731,91.34984951,15.88069811,8.159635999,46.52286985,16.25011661,16.75050504,18.98925422,25.88259327,14.09610114,5.139312805,24.8444928,28.05803889,39.68099445,12.46177492,19.63627671,14.8600393,6.466495298,9.486500116,29.25513612,8.456783382,39.91170363,680.2506666,8.987078317,5.523738929,2.753192996,15.15106841,4.02168464,9.580988359,57.71301715,10.76394763,5.430133232,19.53455979,35.22138204,9.641030596,8.689890146,17.11343217,6.820969866,3.270269457,7.104297684,17.57314916,19.80510707,2.902079962,5.955605872,15.51134058,54.40030771,5.541166001,3.407143052,42.74534884,4.469363179,6.050751425,5.244346495,2.231230343,5.441119933,17.83661264,13.12213248,2.072731989,2.972637871,1.985903865,3.573628357,87.57695525,3.912523732,3.589957382,5.182822118,4.333044596,45.06692112,9.803894093,6.558997077,18.38295472,20.04314843,9.552142591,2.801897407,7.366655531,9.974124136,9.062111218,11.71910538,18.67870908,11.2831185,16.43977661,38.54743891,6.356277218,15.81695529,3.958924789,11.82785182,4.516930941,7.166360839,5.401978299,15.26894056,5.138684555,81.84905509
2.214305777,1.136505873,3.086443029,4.311657007,4.997646362,49.59535509,3.826067767,12.80679844,26.67670358,1.783519063,8.004197194,8.048321235,6.55157354,6.802534244,5.407768905,14.74238789,13.83641609,1.266921892,1.321287127,7.125997575,35.78321068,7.412671553,5.466510059,29.76557688,1.339877707,5.541371771,2.991238722,6.084489565,2.259553823,1.265865323,19.46475166,2.244930595,4.225649831,1.234177535,0.399582736,2.112467001,1.436364192,34.95603945,40.02314007,13.73054832,28.62136989,6.37081262,12.24186074,14.33024119,3.29927523,3.60614439,25.73989151,8.249748415,80.68906847,16.52951062,43.56132145,-939.0144567,131.1950489,51.61425108,5.068541203,107.0503724,380.3925192,86.32405817,4.956334572,134.8669943,18.37823199,19.05668815,63.38219646,28.72530385,8.134077667,177.2316649,9.783691946,65.53264403,179.5033822,556.801462,4.764882669,144.3309677,27.43928951,35.42079955,105.5971747,875.0914543,4.700021826,34.20613039,32.93520617,112.6064099,159.3632497,86.76993167,24.37302298,7.260053807,6.979798217,9.529516049,7.154109212,6.493818077,8.752255917,7.041288286,19.15158569,31.05717652,27.15346033,54.40121583,6.933908929,57.31548195,15.10207813,2.101229381,9.053816012,26.38595151,19.06775881,10.57130915,96.12468675,50.95807981,15.27530373,6.898615008,17.17147981,22.9632221,36.95051767,90.32608771,17.94890424,6.301670739,51.58837871,16.79282403,18.17685235,20.84687482,27.90795645,15.41564504,3.471142836,25.12310457,32.48555566,45.89843053,12.0606472,19.77924342,18.93196887,5.771342509,10.15934763,31.87199386,8.034650149,51.55274475,815.9678796,4.355092666,5.136238801,2.73266209,14.01116991,3.544507095,8.238604283,64.29636852,12.57121984,5.500800011,15.38496042,40.73857974,12.5171265,22.19721795,10.9621786,10.49330954,4.230390195,8.15127476,18.37982138,35.67474641,2.539554511,4.731204377,17.30643082,46.74576585,4.464486379,5.186584717,65.13043232,4.030600358,5.857335863,6.007726238,2.155280504,6.034731911,19.22189689,11.62808639,1.486094638,2.885831516,1.968833068,4.734705871,75.87760622,4.697030625,3.576312031,5.065474861,5.998447278,42.64932297,12.04174334,6.554307721,14.60346889,22.8453713,7.721048555,3.603002538,7.96819533,15.08014609,9.713986405,13.73247388,21.93134789,15.69484362,14.73020299,39.96259028,9.308766317,14.3755137,4.403125258,9.590436702,4.286824328,7.282904287,5.519381681,17.46558254,4.474838966,79.34043359
1.590036674,1.528852121,3.021538891,4.443021356,4.024751816,48.25562326,4.267962144,13.72345785,26.61215558,2.233331624,6.37577857,9.357826962,7.408607076,6.770016162,5.584183535,15.56283244,14.46069411,1.391817216,1.327003947,7.27836538,33.8538941,7.751281045,5.991713267,23.77783261,1.390303634,5.805282786,3.231368757,5.362790599,2.718910207,1.448635107,19.19119971,2.984086152,4.524447786,0.958053952,1.150266944,2.239249714,1.770700111,33.88118934,42.16101017,13.95521831,29.12770529,6.382291605,12.41412834,14.11245977,2.922109869,3.818871697,24.34534122,8.71611119,61.11558152,16.57795501,40.17113119,-184.2675334,131.3042765,48.12089261,4.621763312,91.89660538,405.1012936,83.70704514,4.780055175,133.6327458,18.63775467,17.31471009,65.04739331,28.04637987,7.293313389,157.7753654,10.61378954,70.7610421,208.0819218,561.3790004,4.755783679,135.3374191,22.33605134,34.98467819,91.06954659,608.7078846,7.378608134,32.87320339,89.32816401,107.9849249,155.8762443,82.4948959,23.58508802,5.803633852,6.882030071,9.086267524,7.172893144,6.525998231,8.267281635,7.093797619,19.71105874,30.36621654,28.75578907,52.05287939,4.657212817,57.51541347,13.22884186,2.171693639,8.883085418,22.33901714,18.50851693,10.10822955,67.65378413,45.62527064,14.15283233,6.800125489,16.35241383,22.65100524,43.65865658,94.15499396,17.19974523,5.353305205,50.29306236,16.73472436,17.76587905,20.18054409,28.11989813,14.9343843,3.737115114,26.12128024,31.59880687,44.23256892,12.20364436,19.67886534,20.76438642,5.8997809,13.70159669,28.57284648,8.058031405,56.50151013,815.901657,-0.265400195,5.535838815,2.785857181,17.47131205,3.612808748,8.805382156,60.16507462,12.04699556,5.475259754,12.73657026,49.42261661,12.09171954,12.151216,10.36316169,9.190145363,5.196992443,7.706016015,18.87277155,13.29187954,2.743489173,5.368686623,17.37240756,44.39098638,6.666552728,5.092121115,59.90812485,4.087809694,5.813631188,5.163900269,2.42632333,5.773319444,18.68304023,13.58889874,1.656691869,3.062017142,1.971101193,4.449193097,53.80573293,4.866412208,3.567824082,5.26991616,5.360219565,45.88559693,9.162271847,6.361833624,15.40503671,24.08566522,8.64631399,3.607423665,8.170206099,16.03899177,9.175514499,12.47396379,25.82469755,15.4944368,16.09014102,39.638995,9.156944264,14.18563487,4.642693074,9.606805863,4.634220633,7.399909079,5.328915361,17.67398126,4.780706101,84.29668038
2.441933775,1.663781289,2.982114306,4.270308814,6.087218192,48.67788292,4.023475326,13.03035418,24.07327253,2.726956711,6.081731501,8.113052831,5.191651368,6.934116181,4.657934976,16.8039218,13.30769147,1.548576374,1.664611393,7.624494094,31.03146081,7.640050274,8.085474037,24.49392545,1.268708193,5.85902496,3.418137284,6.122508474,2.777553252,1.396593578,19.31762789,3.487751348,4.240819216,1.706967941,0.937282654,2.391472853,1.85122203,35.76613096,45.28355293,14.03649607,28.74606755,6.401464515,12.1434512,13.67171286,3.210539049,4.117901951,23.9874609,9.333848586,86.16996638,16.72776962,39.59163667,-66.94823285,128.0229849,46.79320466,4.896309577,86.02733961,349.1115025,81.52412876,4.861134186,119.5346128,18.47954236,20.07440849,94.06857935,27.26970475,8.723214962,141.4333362,10.38630225,58.78003807,184.5301485,562.2811915,4.965167204,131.2020557,20.893121,33.63645889,-0.761095832,544.4029715,5.322080738,31.71023444,40.36749199,85.74301856,158.3997779,77.9811085,20.69394515,7.327426226,7.080442846,8.596254032,7.982641124,6.716879734,8.747158928,7.067175531,19.79846023,29.38340058,26.19464465,47.68715566,5.454705453,57.86334445,13.83029045,2.627188694,8.76378045,19.2887633,18.77916777,11.44553062,57.82937606,41.77464511,15.14061004,7.45790538,15.60888717,23.13595186,30.05417914,92.34534659,16.53315528,7.463878846,49.33407588,16.78933787,18.37544036,18.82030259,27.34199034,14.74475429,4.524646741,25.83276349,31.16643283,43.48142238,11.96261549,17.50077077,19.68118213,6.251423975,10.17875692,30.15186682,7.928888389,55.05733206,781.0559835,0.216142184,6.021015784,2.726658485,15.81229383,3.988264512,9.249396259,63.02884916,11.78375808,5.362295076,16.33666119,40.67604345,11.88848688,11.57109786,10.02832905,10.07610738,4.37129102,7.309742256,20.32060127,19.43876959,2.712510569,5.467100382,17.0147611,52.16350075,5.56841118,3.777013289,58.61337317,4.281845457,6.292953528,5.133703171,2.132280488,5.617430837,18.77525416,11.84176882,1.568130098,2.730030498,1.979922115,4.254510052,71.49397151,4.767521284,3.56174701,4.873396321,5.529060995,45.8429227,6.46621443,6.507560917,15.86698717,22.12938864,10.26077999,3.450197262,8.607164615,11.28430813,9.348522801,12.8670837,27.52883264,13.43012247,14.97526049,39.10441716,8.258522036,15.32707708,4.417746461,8.742102654,4.992508014,7.407593448,5.296663859,15.90247955,5.479231206,81.00777991
2.175908343,1.587560857,3.128912311,4.551907914,5.603945426,46.71892285,4.133120458,13.59229032,23.23033311,2.822236513,5.360939857,8.844585868,5.211536418,7.232207884,4.478764319,14.62857956,13.26429379,1.604857798,1.311260234,7.479612715,30.73450179,7.457766979,6.902436292,21.87866562,1.33835557,5.914049511,3.657721345,5.974012966,2.944842753,1.482107866,19.07238303,3.242442755,3.962194182,1.592599668,1.084371904,2.70820944,2.542658779,32.8148454,43.89893698,12.30786526,25.97566491,6.229734764,12.75997679,13.66769024,2.999113956,3.204056604,22.81186761,9.932160729,74.38039169,13.51067619,39.97012675,368.9171742,125.6181231,45.44065817,4.38809311,90.28330925,375.3441647,79.21596541,4.723606067,104.6434475,18.25892974,18.41715628,71.85540228,27.9017111,6.305188138,125.4962903,9.899637312,54.19785993,186.332679,536.4043312,4.97977645,122.4509413,19.5734271,33.15925872,-44.08883415,482.1196423,5.128528288,30.75687804,59.77667277,85.47717275,157.5621183,72.85110631,22.68131901,6.57003915,7.008360837,8.754508376,7.730397223,6.325540555,6.873503165,7.016775287,20.09470445,29.41364685,21.48584328,46.43146392,5.843164976,59.2100677,12.67757151,2.807427218,8.479598179,26.61050774,19.02292316,6.48862331,50.20668448,40.33376583,15.13760795,7.896622122,17.44950196,22.58200775,34.27994317,99.58700001,16.43405039,7.584288185,48.17574595,16.62884593,17.83125143,18.01769114,25.3095488,14.89565116,4.243162873,25.99635717,31.01683335,42.5274306,12.26763849,22.20004334,19.03830485,6.380202117,7.600806897,29.18314782,8.169965601,47.50602392,755.2520455,2.496303217,5.646083926,2.713887951,12.98626661,3.55310473,9.28922336,62.55254842,11.89278752,5.339859906,19.39915191,50.08217213,11.33016916,10.48814606,11.63435604,9.816594507,4.020874174,6.965955112,17.30882206,19.92817179,2.909967351,4.133014721,16.78368857,56.16243671,6.120349732,4.627482896,51.16069809,4.149407868,6.785508298,4.906149554,2.021437349,5.699843432,19.44406091,9.48880994,1.98482859,3.579136787,1.981100127,4.066912332,114.506652,4.176198741,3.460752112,5.507697767,5.551427642,49.11980415,11.65944317,6.084621697,16.42246518,23.39614795,10.04258705,3.456913006,8.01206492,14.23140231,9.122580459,13.11046039,20.78941162,16.5299566,14.96513286,40.18068117,7.787631204,15.10259461,6.017354251,8.26344415,4.911530911,7.60776651,5.488867249,17.32005999,6.305395913,80.16842043
2.142584539,1.654900843,3.286991768,4.200580576,5.371763263,45.27902466,4.303174685,13.24442054,20.49073658,1.997394227,4.432716539,8.680286094,5.354998692,7.315129086,5.222266325,14.4786217,12.504088,1.625590829,1.824165925,7.892888589,32.6131208,7.427544584,6.584077428,21.65149295,1.5533912,6.319171235,3.534460143,6.805948616,2.739410759,1.502505917,18.61166819,3.872050927,4.954475491,1.281789996,1.756349188,2.816177532,2.22445746,35.06707338,46.48033252,12.42352171,27.14732145,6.25830097,12.17847407,14.10213585,3.495053993,3.311618744,23.40575677,10.60580817,41.92733338,13.5952353,39.76623729,-3329.912938,127.5000081,44.31478964,5.549058742,101.0976935,428.9781478,76.91129797,4.722570616,102.3134172,18.9741471,18.79247723,44.5987934,26.82533304,6.311729802,135.3065807,10.17359373,42.58162942,175.783815,527.546852,5.041982582,118.504922,20.98261787,32.04714863,51.81975041,414.4304886,5.074449345,28.73372431,46.1884629,83.88342346,116.8656885,70.16710534,25.35326583,7.792298243,7.087030347,8.952057157,8.445303955,6.229401253,6.641141192,6.95515519,20.25374579,27.81580245,24.1776563,48.74312046,5.253405948,59.77495455,16.18548677,2.713072662,8.124418914,22.59657517,18.8924607,15.63325053,73.44529166,38.57538162,15.46729881,6.896751653,16.28612398,23.14460738,30.90586603,94.40644916,16.47632628,6.065367135,47.39467768,16.36305983,17.82380504,18.63643598,24.57036209,14.74753437,4.422115486,24.73596557,30.42472644,41.35060655,12.2225544,18.60812504,20.74397496,6.138501964,6.314337656,29.25243763,8.399067595,34.49811318,728.1977788,6.877037501,4.877792446,2.748687887,14.76405593,3.816160149,9.241777216,57.04343505,12.25182538,5.477290116,16.42099375,48.53542269,10.85576635,13.41575335,8.973630909,8.694211712,4.974009727,6.838691294,19.24196216,14.87837587,2.686515972,2.267945775,15.81030772,59.07845751,7.765857621,4.057924871,48.82541107,4.770552999,6.198042531,4.071729517,2.112135075,5.69439314,20.14886489,9.708979524,1.895021913,3.132902981,1.966948861,3.814045667,32.751396,4.356642161,3.465692183,5.509322659,6.452330989,50.04198118,9.913983249,6.112087681,15.74589243,23.00293551,11.35013053,3.121104193,8.650509104,10.63618871,9.604160122,12.2200732,15.79799796,14.57013886,15.66920886,40.9430954,7.024523258,15.93508309,3.899608013,8.793921947,4.376479078,7.376405488,5.243902477,16.87382201,6.021994553,75.33411329
2.666098534,1.8373816,3.137068923,4.952494554,5.520813904,46.29457716,4.36104008,12.4634786,21.48886209,-0.460522684,5.113076475,8.30940877,4.023141644,7.55997491,5.538153989,15.54706293,11.36591566,1.727942842,1.793773273,8.373249869,32.47157235,8.235571413,6.593475615,21.89564897,1.446157794,6.562985369,3.524110304,6.831041566,6.131016963,1.478461013,18.73078636,3.946555007,4.598453229,2.00129643,2.960859106,3.114672087,2.540532883,38.94566964,43.74573778,12.21477351,24.98687033,6.286982834,12.21956624,13.81831199,3.720562232,3.54971802,23.74905301,10.72186426,47.05972723,13.12830681,39.47096606,-2336.763142,130.089134,41.20987267,4.880837859,114.4085806,342.159977,74.35308267,4.697814876,78.23742366,18.77650554,17.87790848,29.67443244,27.87115284,6.735937703,119.2371779,10.23889878,61.2813084,181.5570046,512.3474037,5.165974415,113.7154541,21.29162356,32.16704687,69.9228442,599.4518789,4.926743826,27.32707371,76.36769554,101.1065746,128.2932822,70.77894966,21.86670427,8.258037894,7.270331291,9.294142645,8.29903238,5.856988538,6.272967761,6.980917765,20.63878131,28.61795359,21.04418551,49.86049642,5.4589695,60.61231707,12.61306354,2.999312663,8.563871111,21.51842252,19.32265983,11.14962607,49.99180783,38.14340594,15.87744381,7.428406363,16.94332915,23.14707375,31.24990094,91.72091209,17.3777719,6.393630507,46.41868788,16.15924001,17.07027215,18.90327122,23.57224421,13.92520436,5.324985116,25.17010151,29.478374,40.00779863,12.23595953,16.76424693,13.03331467,5.666876562,7.125663658,32.68738921,8.457037012,44.2486271,701.9470008,19.76891812,5.57818612,2.733897754,16.32116907,4.042467597,8.405873384,58.75612712,11.11251285,5.383913767,19.16795816,52.44388991,10.37840629,10.02099828,12.35133493,7.676413242,3.542717584,6.973544936,15.0341434,15.54985578,2.887513599,2.522394551,15.80960832,50.43916437,3.813552302,4.236818838,44.83164381,4.452486463,7.691805278,5.226265372,2.220891064,5.754339089,15.69449576,7.78000338,2.089854424,3.010898226,2.00931153,3.65107424,91.86747284,4.475418357,3.593405224,4.90105356,5.825320447,51.17827215,9.281739861,6.287235996,14.48019936,21.55089,11.41110736,3.08774687,8.634879492,10.07025666,9.22058827,12.59193533,17.31967819,9.889393878,15.38234613,40.33846544,6.444178376,15.92716153,5.481957956,11.93489884,4.068893417,7.612433356,5.353531909,17.15070334,5.506935707,81.64563666
2.885062778,1.944347188,3.302779121,4.750783171,5.130588151,51.42346689,4.643763271,11.58861295,20.08838439,2.549716456,4.386198038,7.526022383,4.2752281,7.724638586,4.671312226,14.91692037,12.07958934,1.790510307,1.991556742,9.821779478,30.13943056,7.74332202,7.428644802,22.60224852,1.484822546,6.588618145,3.322377743,6.848013987,3.088282438,1.623182409,19.26455248,3.364968886,4.968594924,2.187635365,2.385369629,3.193827891,3.483843293,44.33964667,48.15973598,11.98263456,22.90615574,6.046331912,12.26769725,13.25971922,3.722700749,3.495034419,23.91194411,9.92072316,29.18254251,14.17918351,37.63244054,-764.5533925,130.8311128,40.7112548,4.724906119,92.89467299,238.1495274,72.093681,4.675030313,62.71915834,17.72891019,20.29688399,22.6971944,27.92337974,5.916021654,112.3769694,10.04578178,55.58714818,169.7636341,482.0532367,5.231621445,110.6805213,17.38119688,31.57947313,69.03391088,203.699942,4.665229941,25.88798968,53.81287178,86.46747752,148.2674428,64.67195719,18.65844761,6.838128154,7.521529045,9.992816827,7.979641886,6.17042506,7.085951361,6.937774119,20.7818371,28.8657212,25.83671024,51.24091942,5.577466055,62.06535133,16.45550051,3.014789176,8.418779854,18.95391661,17.74068661,10.43637061,43.85950952,40.56230733,15.53739109,6.99425319,16.59295208,23.11981186,32.83341577,94.93049312,16.02151762,8.073543825,45.44556463,16.06918274,16.71484289,17.4938201,21.09037609,13.55885203,5.479639791,24.86972843,29.19708032,38.98079731,12.45772331,18.77014721,16.70569039,6.32959646,5.942999853,26.38601193,8.500340047,52.30108444,671.705122,18.87826347,6.141798947,2.657077166,14.62246571,4.348280029,8.592767771,54.92303766,10.90379826,5.30134246,14.28159927,44.6759938,9.674085019,8.281431923,11.45431984,6.061367695,3.426711176,6.837738132,16.41203971,14.70996788,2.888797192,4.244016692,15.51217787,53.90776549,5.052311942,2.711866563,40.46799588,4.666693093,6.317140146,4.875625752,2.143083175,5.654498051,15.12613324,6.18390365,2.196578226,3.13974582,2.002569442,3.449698303,68.85963247,4.650954898,3.497348408,5.561714193,5.361728967,46.71524971,7.621664557,6.721969338,15.58958587,23.9746516,10.65487945,3.228917915,8.117397582,6.783007905,8.595618788,11.80480174,22.9347184,9.976664312,17.1729187,41.01565692,5.968071723,16.37305769,4.507163622,9.563157038,4.221417144,7.479732777,5.69268043,17.47957479,4.343284223,82.84987614
2.085717044,1.666310747,2.932438229,4.394793488,5.510287953,50.95162428,3.720091396,12.38144454,27.60987329,0.771997349,6.000928044,6.911588124,4.792992687,6.787042582,4.525289778,15.41246125,13.0152675,1.334516749,1.631010795,7.350659824,34.12320315,7.681072668,4.336563333,30.96434734,1.180768401,5.141329456,3.353078469,4.653354163,-0.32815228,1.318621447,18.93362806,2.417464998,4.522001628,1.080189025,1.47691187,2.159014287,5.177238925,36.10269114,39.12091231,12.89591551,30.23778648,6.081858032,13.18628581,13.95494569,3.206358513,3.493306008,26.36042581,8.631109078,68.1726727,16.07105969,43.6752426,1051.355561,132.9509827,50.49772676,5.028347878,120.6411286,327.8379009,85.24145656,4.756525349,151.0752163,17.43930151,20.90622561,77.217683,27.20080791,7.641012734,174.3064726,10.168531,63.84791608,234.9447575,545.7139888,4.863976493,141.5968148,24.71557041,35.67499573,172.9597617,887.8101694,5.597183416,33.02026759,67.85548588,105.7216947,156.843749,90.76468905,23.46165751,7.121489525,6.670540281,9.117562646,7.084184723,6.101819916,6.606017727,6.874562273,19.43269933,29.53021009,26.41858485,50.62334527,5.36003383,53.63393497,12.59512259,1.779191841,8.583827106,25.28004957,19.22382432,11.93166701,44.73836857,45.07196846,15.81150879,7.335343166,16.55500746,22.5117845,36.20547333,89.06090549,16.568877,7.98168931,50.72717414,16.95962439,18.75632315,16.6707047,22.99083772,15.07784384,2.882504745,25.63480972,32.45075812,45.31662214,12.3556131,21.36494034,19.18041411,5.687991477,7.088029493,30.81641,8.003821041,46.85423553,813.4792067,2.111980657,4.782365708,2.576569181,12.95456722,3.477211484,9.014550625,59.27455342,13.03562821,5.220008766,11.12398583,43.7842128,12.75880684,10.36116184,8.169410755,9.465057095,5.558110154,8.326368701,21.20138278,22.84391908,2.67697551,3.064916355,17.73760105,58.94435563,4.704846649,5.396053485,62.00108152,4.096687447,5.875291214,5.035110379,2.30447043,5.96738556,17.84319435,3.209104879,1.552345241,3.095963578,1.969675858,4.627360681,51.62588353,5.230141258,3.415818571,5.686776368,5.978232863,48.76885604,11.07987549,6.36984777,14.72359684,25.99976074,11.33091258,4.145082173,8.998902295,12.24941389,9.35689735,13.58869186,24.56331608,18.20832744,17.26923646,45.36681627,9.905112969,14.99787583,4.883054332,10.24680246,4.67623917,7.519609991,3.943977464,18.39441109,5.254772124,82.06330154
2.645532331,1.378966107,2.860951557,4.306321797,4.860630571,50.94036179,3.676065391,13.11467902,24.03788393,3.14065788,6.470010988,7.706881437,6.172711248,6.95487615,5.192396369,16.36833441,12.13051756,1.314750681,1.285614561,7.856705769,32.75932029,7.964326191,7.87181101,21.86676895,1.364975292,6.012064565,3.391946944,4.379007017,2.875570911,1.348792251,18.99408186,3.670589147,3.716254376,1.17936119,1.099856326,2.042423023,6.094985598,42.29355723,42.12188886,13.73311872,31.21168638,6.405720963,12.76993998,13.61385831,3.012997065,3.547103804,25.36770724,8.377765541,82.25075474,14.13080759,43.61045326,442.7865024,132.6414188,48.14884576,4.616530011,99.67322711,380.911528,82.65542787,4.663500084,121.9515285,18.63389909,16.74060867,66.97793886,26.8715364,7.811835374,188.5097596,8.658147345,61.27053443,185.7966768,524.8189981,4.901451104,137.7922642,21.03505617,35.13102803,200.3826311,544.0575363,5.545562421,32.16042428,83.55062519,106.0125057,140.168104,88.24213085,22.06638436,7.730430342,6.933852761,8.945631366,7.617457709,6.103607212,6.871094651,6.789084963,19.57313421,30.23185475,28.53430063,53.07220455,5.079347785,55.21155668,14.78167469,2.189304101,8.222992651,23.13435313,17.85931534,11.45327064,49.20806849,39.7055306,15.91145028,7.523320526,16.71626157,22.95213153,37.35116231,90.45314102,17.06738125,7.544295349,49.33953796,16.71414897,18.14056404,18.63338764,22.79221064,13.27321391,3.204350948,24.0221213,32.6597474,44.68448404,12.54030592,17.43646894,17.45323781,5.6840789,9.533338826,28.6433529,7.982864892,47.63592125,769.5847568,-1.016203855,4.492436985,2.578838423,16.80996094,3.726567511,11.00541285,64.74490203,12.57679222,5.321806088,13.50992316,37.33916937,12.17821057,9.52309387,7.146416511,9.814618322,3.622924404,7.646449625,19.47717962,18.19974879,2.652036589,3.422247151,16.9925348,50.43131951,6.648832025,4.82900543,57.19897919,4.081961535,5.35113527,5.148919242,2.2187416,5.731718015,21.716636,6.03621668,1.624336147,3.153258194,2.045233436,4.391117302,73.5875505,4.175185313,3.460344777,5.082365782,5.901712753,47.11682732,10.46321734,6.920016692,17.71806948,25.91687277,12.63387768,3.936454727,9.271208327,8.136255168,9.034311162,12.89986192,21.84834691,17.06766436,16.94299573,43.72619538,9.380086784,15.88747739,4.797044182,8.200034874,4.547190954,7.664799263,4.793923315,18.05824373,5.982623072,85.17931761
1.877899006,1.348112447,2.99334859,4.626773591,4.437305109,48.0149088,3.849401519,12.50857102,22.64188624,2.363448793,4.151241781,9.247833344,4.883575046,7.000254715,4.709533582,14.64502322,14.3870346,1.507367033,1.80890141,7.846095494,31.68911641,7.573986445,10.96471019,22.66763483,0.349919044,5.834478025,3.396336955,8.25630741,2.96256141,1.38883908,19.29312556,3.050115086,4.344165867,1.646372882,0.833937211,2.569382281,8.236782993,42.53030387,41.82652385,12.70649113,27.47723084,5.891808129,12.06082824,13.87650345,3.140979786,3.512204242,24.10147935,8.193616415,79.59174575,12.06890431,41.449434,3227.270342,130.3471896,46.92796731,4.34482361,103.149816,354.4133031,80.06824466,4.776197372,119.205063,18.08932982,17.71976289,61.42887332,27.67353093,7.876640579,149.2389211,10.26697793,54.88731513,189.3859283,514.6989461,4.561817042,134.4763066,21.22899008,34.38064249,281.5207677,767.0079704,5.509415323,31.2695754,43.80148484,109.0775701,153.5448433,81.6056834,20.30861176,6.968163589,7.034972456,8.512588893,7.117451886,6.397247617,6.369144631,6.696739108,19.71862611,30.69923897,30.66056284,53.52386803,5.435305043,57.84807474,13.59536681,2.340924682,8.700586711,21.98802815,19.35336647,11.16264938,44.21289153,49.47864008,15.63569412,6.815109041,16.42820212,23.05407955,33.58070122,87.93655421,17.57400166,8.2114891,48.63561879,16.54001519,17.71995413,17.89143057,22.39411369,13.58644502,4.436246423,24.8178119,31.15642591,44.13357424,12.28706073,17.5286609,19.77777271,5.656077425,9.833379879,30.18649826,8.149553751,45.91749614,802.3765791,-5.080480931,4.9922199,2.610514012,16.38432452,3.431300162,10.42470765,61.38574796,12.04031577,5.386946023,14.43810507,40.75894255,11.41532472,14.59439958,6.71102177,9.36671194,4.90767614,7.135067071,19.60780755,17.73030004,2.665833195,4.754141092,17.11606703,52.55054007,4.640405683,4.521127653,55.23065088,3.97416054,5.749137436,4.555816381,2.044455451,5.754525333,20.06891121,6.571540286,1.703571099,3.08981658,1.994010356,4.256701214,65.46861793,4.655854802,3.39985476,5.376957173,4.830318579,45.38688272,9.601779737,7.202711344,15.79916685,26.35589877,12.32755054,3.749538843,8.64468724,11.97601896,9.857989285,12.90282829,23.85783976,14.95697795,17.2314321,41.41393116,8.478952,16.3603869,5.317143109,9.583608136,4.356301668,7.786281641,3.378639377,18.48435808,6.272917406,92.17649788
1.986585598,1.219208913,3.24642414,4.562483533,4.828201411,50.97863074,4.088034195,12.78882413,22.46934239,2.357753196,6.676535764,9.18405139,5.056638786,7.145726778,4.371767318,14.66435844,13.57554761,1.538158747,1.546306077,8.117319556,30.03245666,7.619401068,10.14268474,21.01568552,1.127221313,5.225936801,3.388559706,6.970251563,2.797234774,1.441842865,18.61932508,3.502513643,4.617588454,1.298740277,0.990037661,2.317790043,1.301128914,38.63068367,42.28772018,13.68514018,24.50153352,6.055098744,11.38568683,14.52232268,3.103162303,3.447044138,23.57769233,9.260662963,129.0378283,13.0620556,38.87040063,633.0811704,127.7074912,44.92461486,4.339807756,102.526762,338.4394388,77.70507805,4.677125089,97.79239437,17.75393574,23.88529498,63.16160405,26.7939834,6.730277053,123.0681998,10.68609928,53.94917733,172.6995899,491.340054,4.509664673,122.7074427,20.17282788,33.56346774,46.53957909,414.2892032,5.420030016,29.37694696,64.38651573,107.893313,215.3714902,76.95900297,20.86955953,7.680891944,7.153296688,8.684105287,8.333705065,6.279885403,8.007453062,6.714673562,19.92443412,31.37673429,22.97840466,53.02731212,5.34534144,59.90678565,13.76112323,2.570530243,8.470420134,23.29722682,18.82787863,11.29710216,53.90838878,44.10271644,15.6965448,7.19558179,16.96500179,23.25078719,35.25346488,92.97380065,16.21208083,8.344457679,47.62348275,16.33614025,16.81330185,17.58392422,21.70375358,13.01459957,4.16235005,24.43210239,30.74613132,42.94634116,12.29981969,19.3243345,16.70458436,6.0651971,9.231105871,29.92590032,8.321624534,42.52596719,774.4941981,-10.63985169,5.047470311,2.486744147,13.50245385,3.704672232,10.21577432,57.34561614,11.12907724,5.350548858,23.0259264,39.99219143,10.71220926,5.806053362,5.834755223,8.500611359,3.802132796,6.705499609,15.33550875,21.93044337,2.725325239,5.381210026,17.02057846,41.61003751,5.122074358,4.029599922,49.18669969,4.408126314,6.704420789,4.695212454,1.853111463,5.710841403,18.43851925,2.773221181,2.205878648,3.396617168,1.961562392,4.10114773,74.94057216,4.034642707,3.54910157,5.329618587,6.113755673,53.54824812,10.62824794,6.957475838,15.47474459,25.99141718,16.36887937,3.599021275,8.191889841,11.00382999,10.26296647,13.00929516,23.76356814,10.6338575,17.81566938,39.50053505,7.755935356,16.80908455,4.535613991,9.250674004,4.819383183,7.628795128,4.861231934,16.46956843,5.672906208,91.86698361
3.013211387,1.790946492,3.190697121,4.616043011,5.507842261,47.41472871,4.167017373,12.2382299,21.68846695,2.385687402,5.02795271,8.919729924,3.810345392,7.367086576,4.256646241,15.87509871,12.78036324,1.685273508,1.678169464,7.420817285,26.72969656,7.495392857,7.546919596,21.68471761,2.282954175,6.045743403,3.299495045,7.036958217,2.862042146,1.542425158,18.43945086,4.405258251,4.375749879,1.667180133,1.518135208,2.816605811,0.945798991,40.46788589,43.31055601,12.28409309,24.8939571,6.237634485,11.6951609,13.47854067,3.352686941,3.563827258,22.68827781,9.358404097,108.227254,13.6370117,37.77596113,404.6252779,129.3274684,43.23747244,4.78483251,99.60646085,316.0769398,75.75364672,4.715306778,90.82150411,17.94402071,21.71735338,33.71929929,29.15228374,7.962925235,114.5252744,16.57706434,56.98785762,147.312731,483.3501832,4.827436233,121.2268789,20.29268079,33.1478692,-43.33750681,640.9803771,5.296837738,29.26682754,45.86646558,105.0522495,212.7729913,67.18376087,20.07132016,6.785210798,7.289770396,8.822527199,7.878586473,6.189827304,6.982251573,6.701125608,20.07368327,30.85874758,25.80337946,51.8541057,5.608982933,59.32572615,15.04790139,2.753897705,8.152454985,20.76635813,18.96085224,11.19538579,53.1271906,40.00245711,15.70358815,6.781620821,16.64226036,23.39953363,30.14312337,99.17977019,16.18403568,7.699056547,46.79244149,16.10193804,16.89859327,18.06700959,23.01068741,14.24933325,4.574842077,24.96351051,29.72742556,42.01803744,12.32723995,19.83807482,18.48819603,5.915923375,9.09225036,29.36666313,8.261415335,40.70600346,534.9665221,10.53072327,4.818686873,2.448500136,15.04112287,3.536907604,10.40493973,56.84324982,13.48027604,5.191105187,16.06445952,27.17287733,10.29171269,7.211109284,7.121819794,7.68272997,4.118513444,6.578746793,17.63679026,13.29614827,2.775987472,5.259621743,15.94993055,55.47215209,2.02758037,3.77491653,44.96867921,4.14272204,6.150896773,4.676892874,2.03730356,5.699764825,17.22850513,1.320509157,2.080588013,3.339098051,1.991693645,3.883108984,54.95027061,4.715827622,3.552810648,5.410639113,6.088194487,50.79986162,8.133949579,7.200986886,16.40172618,24.3839376,16.94004921,3.60629968,9.62986161,11.4196956,9.651536101,13.10050741,20.02915546,9.64851668,19.52323735,41.08375989,7.182783253,17.19800339,5.011030507,10.07750548,4.800745992,7.37503562,6.530397202,17.8775096,5.015462413,85.92768751
2.565827709,1.992038158,3.288611151,4.700771529,5.608632745,44.99433933,4.126189249,11.8429007,19.29602258,3.01208285,4.461706335,8.233829346,5.821822565,7.352596518,4.680420711,14.77441597,12.68002784,1.732740733,1.859612703,7.501573019,26.3762181,7.855614214,5.910445458,19.91660323,1.490115408,5.644315835,3.581061279,7.682534908,3.078951798,1.572036167,18.02550774,3.563244101,5.002870632,2.202924491,2.062190341,2.689361004,0.797355347,43.46413362,43.6825018,12.70427619,24.78593861,5.925277176,11.66560716,13.505942,3.560139279,3.446154444,22.42911965,10.77056089,87.55327061,12.6093689,37.52344648,727.7064324,128.3736299,41.08968386,4.646401103,91.3654496,314.1311781,73.46615742,4.617735787,64.1025118,18.39934457,20.87660658,53.99988785,27.51726371,5.602862057,105.4836119,14.28188129,57.57039909,155.5023683,461.2852966,4.863171516,115.3141035,18.13028473,32.21203341,67.79586291,98.41123674,5.223965729,27.2002653,60.73564827,99.58404541,115.5230168,62.19243041,19.93064279,7.50617958,7.388667213,9.210354137,7.700276076,6.054079708,6.850990227,6.712994736,20.38224798,29.38303593,25.60590147,52.19394519,5.178995437,58.68460635,14.37767809,2.89462565,8.064512063,19.61053517,20.32986251,10.71194601,54.33037035,42.24650472,14.69571502,6.918614873,17.17547367,23.88037165,31.79158782,92.86963401,16.50475849,8.915749709,45.94974278,15.87096792,16.64061782,17.45864329,22.3572172,14.07280615,4.689774334,23.69854666,28.85851927,41.09907124,12.34383215,17.8892087,15.27157688,6.13544714,9.041992376,29.38417781,8.342965564,38.30043072,1498.515984,15.15393116,4.959537119,2.550778415,18.43608492,3.671520445,10.6916814,55.53801583,10.80928368,5.20630312,18.80621103,30.62372237,9.647874232,10.21863153,5.680554888,7.606547457,3.786650374,6.277392692,15.98296199,14.83923851,2.852882407,5.277795616,16.05961544,54.51131204,4.776300061,3.748685367,43.65132782,4.404433133,6.780639916,5.887163247,2.058665334,5.660740116,17.97386098,6.586271666,2.20141419,3.341648888,2.015804001,4.053980329,75.10900072,4.390232175,3.626898749,5.514994769,5.975461707,59.00470885,5.770972436,6.732777015,15.2813163,25.45373841,11.90426257,3.620773134,8.070549623,10.79454387,9.081210252,12.34820082,18.33710612,9.926118899,15.88529746,42.49822228,7.587325981,17.75719418,4.485203573,10.51399865,4.271520625,7.396390208,4.036218423,16.48946743,4.824538173,82.19198308
3.0176322,2.507221714,3.257386988,5.04379016,4.340860949,47.55762399,4.248251693,10.83539211,18.0243348,3.036865298,4.321803656,8.23256094,4.805372903,7.65370077,5.175230042,14.64183695,10.89949374,1.726732143,1.7691539,7.693325209,28.18068337,7.826212594,8.936388661,21.41673675,1.559939401,6.012823079,3.780870379,6.138628915,3.198515646,1.644214217,18.78893811,3.796653621,4.83909793,2.091206494,1.98131988,3.147166858,3.138819445,45.12558088,46.24789645,11.71769731,24.28712143,6.142556625,12.77985335,13.7341884,3.814049588,3.441589728,23.89121651,10.57635819,63.89703973,13.59264417,40.92063501,-162.8519949,133.2055248,40.07687293,5.31699033,76.70694681,299.2621047,70.66935679,4.480496801,60.57545402,17.93009742,17.2458902,39.53528581,25.98558202,6.927883435,99.51276786,10.90912611,54.86929935,158.19007,453.2990372,4.779725074,112.5961546,17.7067901,31.6157507,92.75161867,4.890360527,4.974314676,25.68986442,41.49113294,95.32473133,103.181321,54.29964736,18.70520942,7.887126163,7.64583152,9.661734397,6.826222231,6.110701881,6.109616288,6.594276582,20.45267103,27.16599996,23.78741964,53.78119231,5.666671975,59.88837813,17.8413682,3.064475149,8.127183795,18.87337851,16.69101211,10.87860378,52.34928378,40.07144862,14.3885753,7.394747691,17.28908426,23.64412389,27.9918874,93.24237985,15.38585522,9.369458215,45.15587142,15.62915259,15.94293414,17.26477454,21.53811201,14.22001665,5.290934708,23.92499426,29.09056103,39.81335382,12.44799308,17.48799842,16.6970963,5.849175638,8.544268014,29.44577703,8.433259063,39.19073246,1134.691165,10.50565425,5.729897918,2.554561043,15.2569713,3.817600098,11.08404308,56.71597309,10.61528038,5.266482053,18.37953338,30.74668552,9.251768389,6.779040498,5.948572313,6.83501615,3.614086768,6.046490204,15.68934985,15.31821441,2.969943812,5.857545923,15.88555696,36.15810538,4.342846846,3.223027521,38.41340892,4.232200088,6.471476562,5.618529779,2.209817333,5.615076642,15.63380619,6.170202296,2.188607761,3.480574997,2.035273007,2.89378829,77.22423647,3.913113157,3.603411686,5.466031742,5.287544642,65.12427432,9.249415974,6.838848079,15.81619397,22.56506628,7.348048195,3.540384871,7.85722447,10.90212754,8.163207574,12.34756841,18.8294328,11.36186654,18.69398984,42.5686852,7.010978475,18.93051233,4.987560156,9.524077355,4.08658042,7.785804735,4.544917326,16.8011664,4.937445454,78.95876599
1.852464086,1.683159196,2.667827099,4.068656117,5.046764946,50.47627743,3.498307687,13.14469542,25.38913702,2.318046669,8.012221022,7.572887573,5.087030336,6.642869797,5.067163749,15.52699064,13.75126446,1.267073453,1.486495943,6.311813243,39.20893741,7.310291366,4.431722648,20.94222701,0.660508478,4.8580443,3.050803076,5.835904188,2.416680717,1.307699254,18.24646331,3.047950295,1.5513921,1.000352998,1.057935214,1.707979554,2.335426468,44.40242653,39.14364311,13.70400354,27.27353034,6.095281277,12.37677167,13.17866425,2.934827679,3.762536846,24.61831037,8.565140072,99.66890918,13.7720067,48.99900991,2278.987178,134.3416198,49.17368104,3.92567818,101.0687682,420.6463038,83.50312767,4.711762458,142.0295831,17.93927571,19.84754889,111.107807,26.87674186,8.513178407,212.3120603,13.529536,57.18486323,179.6839659,522.8294542,4.714521065,147.6514486,22.42345438,35.88634864,51.09551606,564.6929385,5.845943163,32.79492643,82.98207261,110.0649141,285.4020025,84.26697354,21.15058575,6.761348005,6.582439663,8.552244391,7.826552602,6.305192767,7.521384268,6.531297987,19.14552632,27.89437286,34.54178352,54.43170608,4.646096212,53.48472403,10.92772764,2.001348162,8.431454939,23.15206294,20.02474393,12.28568145,52.5157495,40.86703132,15.69153574,6.760783238,16.2095432,23.32308634,37.29956074,102.3965423,17.20716755,7.337093365,48.98389494,16.68187763,18.25213007,16.9916618,23.00262111,13.66824178,3.421010551,24.57527655,32.39177325,45.3284282,12.2223498,20.99513321,17.6625027,5.515324785,9.890097854,33.3641517,7.892050264,47.55639748,1185.148038,0.550196668,5.670926635,2.524938902,14.12250727,3.348997533,10.23358863,63.93298676,13.12933018,5.325363697,10.74327983,29.05082104,12.14029889,18.29210541,6.019335807,11.2936557,5.006852378,7.713570994,22.62346142,15.58462033,2.597613092,4.752177948,17.8245583,41.80870874,3.8036813,4.771313134,58.9818221,3.822854491,5.909393104,4.130367178,3.172843615,6.132264815,19.85963685,4.131954313,1.650805978,3.052894006,2.066439313,4.140024294,68.73025943,4.652625642,3.499995851,5.72840545,6.859756983,60.13841959,14.0440424,5.997683315,17.70896298,26.36918889,14.53578676,4.302407038,7.957239147,12.62732757,10.36077306,13.61340778,27.05071835,17.71906948,15.53690734,46.48902233,10.99441688,15.26922239,4.305154317,8.954666907,4.328153051,8.170087884,5.187509011,20.488358,4.569745417,80.13999418
1.714361312,1.248731413,2.676153195,4.21708279,4.970836297,48.15323574,3.665683334,12.45311932,23.47243665,2.201073015,7.715330121,8.276794301,5.424507328,6.834439979,4.814679573,15.07778835,13.21235059,1.372918065,1.534916622,7.076629755,39.12531021,7.197307647,6.344381347,21.15187117,1.684258337,5.402254147,3.335728104,5.078560203,2.575507777,1.364216958,18.39412812,2.850721478,0.662389443,1.253897006,2.032493388,2.085867774,1.761635496,42.47928998,40.21674848,13.2902708,27.5211462,5.929334975,12.51182431,13.46920797,3.061483248,3.975979324,24.83778308,8.495148863,109.4710575,14.2444992,46.62323722,1070.351221,134.925564,47.81813869,4.221284229,97.17000975,290.7609615,80.82828672,4.628671314,116.123093,18.15482212,17.64034782,65.83614016,25.64516085,8.221145929,207.4644085,9.493978106,55.73755087,207.3796822,507.5183568,4.577902773,142.9908072,22.17071659,35.05774525,-70.92548234,702.5153671,5.783589401,31.10995339,52.63574812,110.5451271,165.095037,75.93829856,21.71893752,7.227371079,6.88758773,8.612943081,7.366715463,6.161273971,7.096448927,6.470814362,19.22581749,28.57443887,32.20567292,53.01978209,5.082850318,55.07020528,16.75849787,2.12424963,8.19925456,22.53950318,19.11973298,11.22559383,40.39730542,44.44115903,15.04179809,8.197200742,16.17276056,24.06355744,39.10727929,95.0358418,15.69117567,7.47884417,47.87111798,16.23442034,17.42986463,17.90879276,22.47240825,16.19446084,3.811870866,24.06825334,31.54374469,44.23213511,12.31804493,17.77509665,15.89879561,5.381781496,9.659402429,26.7438488,8.266803973,46.35401824,1003.137695,-5.233744019,6.115427869,2.276870478,16.16213877,3.467650347,10.60996924,58.97374351,13.98163131,5.43218264,18.33501634,27.25414705,11.61754851,8.525321557,5.575929103,11.24506586,5.172957515,7.884865264,16.3116402,17.54246833,2.642359518,4.626136246,17.88020755,44.8090381,6.153751806,4.960735632,55.12783784,3.892832073,5.759856915,5.93373071,2.740226146,6.059125015,18.98489335,6.910201888,1.823514526,3.159322615,2.087695864,3.569550658,71.76607318,4.603103819,3.532348235,5.580672738,6.529428987,65.33352249,10.22739034,6.118355204,16.61595897,27.54782115,9.456343056,3.989395639,8.156463232,11.5964338,10.26779718,13.40579755,22.19635067,18.84989388,15.58137075,43.47287201,9.069077359,16.11140671,4.71414387,11.18586823,4.233165878,8.152916328,4.358576381,18.40638861,4.936492439,82.00804561
2.216389792,1.195395562,2.854142471,4.21346644,4.646039954,46.18417348,3.742595334,11.72188173,21.66159728,2.460795231,6.960710244,8.221105322,6.157879162,7.023123059,5.138411289,15.21366317,13.07479278,1.484003978,1.682477579,7.974055553,37.92192033,7.7053332,6.658349635,22.15192293,1.006049507,5.125327918,2.984758583,5.629327755,2.532281669,1.353371344,18.26654106,3.099913736,6.260348419,1.650636619,1.853632116,2.385078328,2.481431451,43.73120756,40.53932697,13.58452285,25.11463402,5.841590253,12.42632447,13.98579439,3.562349819,3.679680088,24.35027664,8.649421593,121.8963976,13.62291858,44.0006077,491.2281157,132.5221773,45.40764285,4.498036381,100.5241819,475.3322215,78.68371537,4.591957412,117.6884468,18.16427138,18.42861711,44.69329504,25.16622741,7.794659299,188.9093259,9.341455623,55.9712077,205.7590591,481.8698991,4.631058813,139.8969028,20.60113936,34.20944444,144.8316049,434.4278116,5.60187302,29.85784707,63.63720829,107.5315524,163.4757756,72.57316404,21.09875554,7.070083994,7.105717798,8.702715283,7.607424107,6.028774534,6.745677081,6.515517375,19.49442441,29.8203614,28.52950424,52.1587503,4.849081352,57.00438366,13.84981345,2.385261997,8.206286606,20.9850328,18.90317167,11.19258975,41.83626002,43.4058182,14.39523176,7.029274598,16.75628086,23.40736924,32.70954444,91.47958002,16.93334305,7.773171159,47.20265265,16.16215305,17.64930311,17.38563995,22.15782318,12.04809374,4.028996533,24.56997012,30.76486688,43.06782162,12.36314608,16.44018936,21.49319775,5.514246421,9.672518462,33.10514683,8.254447352,49.41144567,1100.473811,1.309706972,6.504058354,2.529884713,14.33895616,3.471930327,11.01622974,55.84951488,11.93918444,5.336500742,13.87158453,36.89105606,11.22826635,8.263922125,10.8884855,9.817642405,4.574998347,7.828467802,16.36337063,19.91725746,2.613929835,4.742523577,17.7549879,42.19431597,4.357615772,4.262920741,56.42033957,4.085156511,5.983960019,4.999437107,2.611873788,6.153200916,20.06025525,5.779236713,1.877303562,3.221409368,2.119161256,4.048168864,64.31084264,4.298330004,3.526854202,5.364065246,5.654961502,55.83875795,9.864797318,5.828119179,15.5672476,24.58687101,7.756739612,3.384749685,8.826891588,7.93341555,9.387552043,13.51022912,18.09627153,14.39278782,16.07349408,44.52785626,8.994265152,16.71610125,4.790824007,10.66886847,4.180586299,8.052962897,5.111933389,19.96705565,4.721527551,86.01926668
2.239771182,1.342161141,2.892232052,4.305824257,4.974888572,48.64573193,3.844938942,11.17306917,20.53954106,2.70242124,6.366441521,8.117837171,6.184280841,7.174030958,4.878754701,14.71585612,12.44255956,1.55408036,1.954556086,8.089511442,34.60830025,7.593412448,6.274599568,26.99586037,1.603073479,5.0770426,3.489678049,6.043407088,2.612473654,1.439291954,18.37426214,3.050524663,2.982422927,1.595415284,1.414670459,2.466519453,2.160968855,46.4906875,40.6845132,13.2700009,24.93707271,6.05006069,12.06343016,13.34638463,3.479596762,3.703702997,23.16185716,9.137932339,130.2415565,12.77039675,43.68551029,966.1235423,131.1178238,43.90039316,4.307410632,98.76900616,457.2251261,75.95616114,4.516724097,86.30253477,18.17927366,17.53445247,63.43285398,27.84283739,7.816819756,159.1827908,9.578866688,55.84765348,174.0439564,478.5453954,4.730876934,134.3700078,21.36886642,33.4922289,106.826427,611.9844932,5.443032162,29.01797811,46.20444384,103.0372114,155.7449737,68.81209027,20.34081812,7.111422475,7.142621825,8.825237204,7.391141498,6.116156609,9.134826708,6.443209586,19.86845874,28.2500418,26.25940846,52.38838194,5.178818145,57.34608812,16.9902837,2.561312105,8.138057838,20.94316778,19.87978003,10.89072446,40.67425685,43.50244941,14.33524138,7.015476296,16.34792906,23.23424331,34.17843202,92.68395594,15.28197917,8.291500903,46.26731668,15.97078121,17.72766441,16.62150109,22.41883188,12.93049626,3.862057735,23.6316256,29.71108196,42.23949142,12.22961584,17.79137131,15.06897011,5.463699969,9.013532305,27.5325473,8.478135758,48.25448351,734.1975259,-3.065608141,7.319908277,2.34525159,13.1364476,3.579109647,11.1125436,62.26676061,10.88462427,5.350543708,20.91958328,33.96322725,10.9144762,14.44140776,8.944477691,9.480847923,4.075003424,7.953383297,16.89302925,13.88824084,2.865279627,4.961786412,17.60670412,42.80095121,4.706766926,4.058894245,51.29228669,3.974372739,6.640692652,4.348626287,2.807449857,6.085941093,18.44102261,8.148961903,2.050913173,3.074493936,2.170646116,3.719447498,80.95569966,4.542653229,3.540356463,5.510841325,6.966608951,53.57436967,8.037997732,5.703997981,14.94633346,26.13847246,8.597946956,3.649687659,8.267477275,6.005594875,8.784745277,13.10725558,21.19937523,13.81346067,17.02273341,41.27217985,7.983650201,16.99898122,4.628580479,9.466750575,3.807591529,8.146189853,5.642526663,18.63702241,4.659926268,83.85193198
